{"stats":{"minecraft:dropped":{"minecraft:wheat_seeds":8,"minecraft:cooked_porkchop":7,"minecraft:cobblestone":64,"minecraft:saddle":1,"minecraft:dirt":19,"minecraft:gray_wool":1,"minecraft:diorite":4,"minecraft:diamond_helmet":1,"minecraft:wooden_sword":1,"minecraft:pumpkin":1,"minecraft:lily_pad":1,"minecraft:blue_bed":1,"minecraft:stone_axe":1,"minecraft:sweet_berries":38,"minecraft:stone_sword":1,"minecraft:cobbled_deepslate":49,"minecraft:bowl":1,"minecraft:tuff":20,"minecraft:birch_sapling":2,"minecraft:pointed_dripstone":3,"minecraft:rotten_flesh":8,"minecraft:shears":1,"minecraft:pumpkin_seeds":8,"minecraft:stone":16,"minecraft:spruce_planks":30,"minecraft:spider_eye":3,"minecraft:wooden_pickaxe":1,"minecraft:stone_pickaxe":1},"minecraft:broken":{"minecraft:iron_shovel":2,"minecraft:iron_axe":4,"minecraft:iron_pickaxe":1},"minecraft:killed":{"minecraft:cave_spider":6,"minecraft:spider":4,"minecraft:skeleton":3,"minecraft:chicken":6,"minecraft:pig":12,"minecraft:creeper":1,"minecraft:sheep":6,"minecraft:zombie":14,"minecraft:cow":5},"minecraft:mined":{"minecraft:tuff":14,"minecraft:oak_sapling":2,"minecraft:deepslate_diamond_ore":21,"minecraft:carved_pumpkin":1,"minecraft:grass_block":413,"minecraft:birch_slab":26,"minecraft:spruce_leaves":35,"minecraft:spawner":2,"minecraft:large_fern":3,"minecraft:furnace":7,"minecraft:iron_ore":14,"minecraft:cobbled_deepslate":2,"minecraft:pumpkin":1,"minecraft:bell":1,"minecraft:pointed_dripstone":2,"minecraft:deepslate_iron_ore":98,"minecraft:oak_stairs":4,"minecraft:stone":212,"minecraft:spruce_slab":3,"minecraft:oak_slab":3,"minecraft:crafting_table":18,"minecraft:torch":2,"minecraft:short_grass":39,"minecraft:rose_bush":2,"minecraft:copper_ore":3,"minecraft:deepslate_gold_ore":21,"minecraft:oak_planks":366,"minecraft:diorite":6,"minecraft:wall_torch":2,"minecraft:blue_bed":9,"minecraft:birch_planks":39,"minecraft:birch_log":160,"minecraft:sweet_berry_bush":61,"minecraft:spruce_log":190,"minecraft:birch_leaves":22,"minecraft:oak_log":417,"minecraft:coal_ore":71,"minecraft:gravel":12,"minecraft:dirt":81,"minecraft:cobweb":24,"minecraft:oak_leaves":78,"minecraft:deepslate":107,"minecraft:fern":3},"minecraft:picked_up":{"minecraft:fishing_rod":3,"minecraft:crafting_table":19,"minecraft:iron_chestplate":1,"minecraft:chicken":6,"minecraft:oak_stairs":4,"minecraft:shield":1,"minecraft:string":30,"minecraft:iron_axe":1,"minecraft:iron_leggings":1,"minecraft:iron_shovel":1,"minecraft:pufferfish":3,"minecraft:cobbled_deepslate":162,"minecraft:spruce_planks":4,"minecraft:beef":9,"minecraft:iron_pickaxe":1,"minecraft:spruce_slab":3,"minecraft:birch_sapling":40,"minecraft:furnace":7,"minecraft:egg":1,"minecraft:iron_boots":1,"minecraft:stick":90,"minecraft:raw_iron":113,"minecraft:stone":16,"minecraft:torch":10,"minecraft:bowl":1,"minecraft:porkchop":33,"minecraft:pointed_dripstone":3,"minecraft:diorite":4,"minecraft:stone_sword":1,"minecraft:arrow":6,"minecraft:rotten_flesh":8,"minecraft:tropical_fish":1,"minecraft:carved_pumpkin":1,"minecraft:saddle":2,"minecraft:mutton":13,"minecraft:cod":5,"minecraft:white_wool":38,"minecraft:cobblestone":246,"minecraft:nautilus_shell":1,"minecraft:birch_log":191,"minecraft:birch_leaves":6,"minecraft:feather":6,"minecraft:glow_ink_sac":3,"minecraft:birch_slab":33,"minecraft:salmon":5,"minecraft:birch_planks":39,"minecraft:flint":2,"minecraft:tuff":26,"minecraft:oak_log":429,"minecraft:lily_pad":1,"minecraft:gunpowder":2,"minecraft:dirt":745,"minecraft:blue_bed":8,"minecraft:leather_boots":1,"minecraft:bone":4,"minecraft:apple":12,"minecraft:bow":1,"minecraft:wheat_seeds":15,"minecraft:raw_gold":21,"minecraft:iron_ingot":19,"minecraft:iron_sword":1,"minecraft:oak_planks":648,"minecraft:oak_slab":3,"minecraft:pumpkin":2,"minecraft:sweet_berries":146,"minecraft:gravel":4,"minecraft:spruce_log":189,"minecraft:spider_eye":3,"minecraft:pumpkin_seeds":8,"minecraft:diamond":21,"minecraft:iron_helmet":2,"minecraft:gray_wool":8,"minecraft:bread":3,"minecraft:oak_sapling":115,"minecraft:coal":73},"minecraft:used":{"minecraft:stone_sword":60,"minecraft:iron_shovel":508,"minecraft:spruce_slab":9,"minecraft:ladder":2,"minecraft:chest":2,"minecraft:spruce_planks":4,"minecraft:shield":13,"minecraft:iron_sword":146,"minecraft:cooked_chicken":5,"minecraft:torch":236,"minecraft:dirt":13,"minecraft:tuff":6,"minecraft:iron_axe":1225,"minecraft:oak_stairs":34,"minecraft:sweet_berries":109,"minecraft:oak_sapling":49,"minecraft:furnace":8,"minecraft:egg":1,"minecraft:cooked_beef":8,"minecraft:wheat_seeds":2,"minecraft:cooked_mutton":7,"minecraft:birch_planks":39,"minecraft:birch_leaves":6,"minecraft:oak_planks":1339,"minecraft:stone_pickaxe":102,"minecraft:wooden_pickaxe":19,"minecraft:blue_bed":7,"minecraft:oak_slab":3,"minecraft:crafting_table":22,"minecraft:shears":35,"minecraft:apple":7,"minecraft:birch_slab":727,"minecraft:bread":9,"minecraft:iron_pickaxe":462,"minecraft:gravel":4,"minecraft:stone_axe":24,"minecraft:fishing_rod":27,"minecraft:cooked_porkchop":4},"minecraft:custom":{"minecraft:mob_kills":59,"minecraft:interact_with_crafting_table":40,"minecraft:leave_game":7,"minecraft:time_since_death":93103,"minecraft:climb_one_cm":4733,"minecraft:sprint_one_cm":691079,"minecraft:walk_one_cm":1230183,"minecraft:damage_blocked_by_shield":495,"minecraft:drop":33,"minecraft:play_time":289515,"minecraft:deaths":2,"minecraft:sneak_time":20270,"minecraft:walk_under_water_one_cm":4388,"minecraft:boat_one_cm":59306,"minecraft:jump":6622,"minecraft:walk_on_water_one_cm":9902,"minecraft:total_world_time":289515,"minecraft:interact_with_furnace":59,"minecraft:interact_with_loom":1,"minecraft:sleep_in_bed":7,"minecraft:time_since_rest":93138,"minecraft:damage_taken":3109,"minecraft:damage_dealt":8121,"minecraft:swim_one_cm":41539,"minecraft:fly_one_cm":1048730,"minecraft:open_chest":25,"minecraft:crouch_one_cm":89541,"minecraft:fish_caught":14,"minecraft:fall_one_cm":174717},"minecraft:crafted":{"minecraft:wooden_sword":1,"minecraft:oak_planks":1332,"minecraft:fishing_rod":1,"minecraft:cooked_chicken":5,"minecraft:birch_slab":756,"minecraft:furnace":5,"minecraft:stone":32,"minecraft:cooked_mutton":7,"minecraft:diamond_helmet":1,"minecraft:iron_boots":1,"minecraft:iron_axe":5,"minecraft:ladder":3,"minecraft:spruce_slab":24,"minecraft:stone_pickaxe":1,"minecraft:chest":5,"minecraft:spruce_boat":1,"minecraft:cooked_beef":8,"minecraft:oak_slab":6,"minecraft:cooked_porkchop":13,"minecraft:crafting_table":5,"minecraft:spruce_planks":140,"minecraft:iron_helmet":1,"minecraft:wooden_pickaxe":1,"minecraft:iron_sword":1,"minecraft:birch_planks":636,"minecraft:stone_axe":1,"minecraft:air":0,"minecraft:iron_chestplate":1,"minecraft:shield":1,"minecraft:stick":84,"minecraft:iron_ingot":134,"minecraft:iron_pickaxe":2,"minecraft:oak_stairs":32,"minecraft:stone_sword":1,"minecraft:iron_shovel":1,"minecraft:iron_leggings":1,"minecraft:torch":212,"minecraft:shears":1},"minecraft:killed_by":{"minecraft:spider":1}},"DataVersion":3953}