{"stats":{"minecraft:killed":{"minecraft:cave_spider":6,"minecraft:pig":10,"minecraft:spider":4,"minecraft:skeleton":3,"minecraft:sheep":4,"minecraft:zombie":14,"minecraft:chicken":5,"minecraft:cow":4},"minecraft:killed_by":{"minecraft:spider":1},"minecraft:dropped":{"minecraft:stone_axe":1,"minecraft:sweet_berries":38,"minecraft:stone_sword":1,"minecraft:cobbled_deepslate":49,"minecraft:tuff":20,"minecraft:cooked_porkchop":7,"minecraft:pointed_dripstone":3,"minecraft:rotten_flesh":8,"minecraft:cobblestone":64,"minecraft:pumpkin_seeds":8,"minecraft:dirt":19,"minecraft:gray_wool":1,"minecraft:diorite":4,"minecraft:spruce_planks":30,"minecraft:diamond_helmet":1,"minecraft:spider_eye":3,"minecraft:wooden_sword":1,"minecraft:pumpkin":1,"minecraft:stone_pickaxe":1,"minecraft:wooden_pickaxe":1,"minecraft:blue_bed":1},"minecraft:mined":{"minecraft:tuff":14,"minecraft:deepslate_diamond_ore":21,"minecraft:carved_pumpkin":1,"minecraft:crafting_table":8,"minecraft:torch":2,"minecraft:short_grass":19,"minecraft:grass_block":3,"minecraft:copper_ore":3,"minecraft:spruce_leaves":34,"minecraft:deepslate_gold_ore":21,"minecraft:diorite":6,"minecraft:wall_torch":2,"minecraft:blue_bed":9,"minecraft:spawner":2,"minecraft:large_fern":3,"minecraft:furnace":7,"minecraft:iron_ore":14,"minecraft:cobbled_deepslate":2,"minecraft:sweet_berry_bush":58,"minecraft:spruce_log":190,"minecraft:birch_leaves":16,"minecraft:pumpkin":1,"minecraft:bell":1,"minecraft:coal_ore":71,"minecraft:pointed_dripstone":2,"minecraft:deepslate_iron_ore":98,"minecraft:gravel":12,"minecraft:dirt":16,"minecraft:cobweb":24,"minecraft:stone":198,"minecraft:spruce_slab":3,"minecraft:deepslate":107,"minecraft:fern":3},"minecraft:broken":{"minecraft:iron_pickaxe":1},"minecraft:used":{"minecraft:cooked_mutton":5,"minecraft:wheat_seeds":2,"minecraft:stone_sword":60,"minecraft:iron_shovel":29,"minecraft:birch_leaves":6,"minecraft:ladder":2,"minecraft:stone_pickaxe":102,"minecraft:spruce_slab":9,"minecraft:spruce_planks":4,"minecraft:wooden_pickaxe":19,"minecraft:shield":13,"minecraft:blue_bed":7,"minecraft:iron_sword":132,"minecraft:cooked_chicken":5,"minecraft:torch":236,"minecraft:crafting_table":10,"minecraft:tuff":6,"minecraft:shears":35,"minecraft:iron_pickaxe":448,"minecraft:iron_axe":171,"minecraft:bread":6,"minecraft:gravel":4,"minecraft:stone_axe":24,"minecraft:sweet_berries":72,"minecraft:furnace":7,"minecraft:cooked_beef":4},"minecraft:picked_up":{"minecraft:birch_leaves":6,"minecraft:crafting_table":8,"minecraft:feather":6,"minecraft:chicken":5,"minecraft:glow_ink_sac":3,"minecraft:flint":2,"minecraft:tuff":26,"minecraft:string":30,"minecraft:dirt":19,"minecraft:blue_bed":8,"minecraft:bone":3,"minecraft:wheat_seeds":3,"minecraft:cobbled_deepslate":162,"minecraft:raw_gold":21,"minecraft:spruce_planks":4,"minecraft:iron_ingot":5,"minecraft:beef":8,"minecraft:spruce_slab":3,"minecraft:birch_sapling":1,"minecraft:furnace":7,"minecraft:stick":2,"minecraft:raw_iron":113,"minecraft:pumpkin":2,"minecraft:sweet_berries":111,"minecraft:torch":10,"minecraft:gravel":4,"minecraft:porkchop":21,"minecraft:spruce_log":189,"minecraft:pointed_dripstone":3,"minecraft:diorite":4,"minecraft:spider_eye":3,"minecraft:stone_sword":1,"minecraft:pumpkin_seeds":8,"minecraft:arrow":3,"minecraft:rotten_flesh":8,"minecraft:diamond":21,"minecraft:iron_helmet":1,"minecraft:carved_pumpkin":1,"minecraft:gray_wool":6,"minecraft:mutton":7,"minecraft:coal":73,"minecraft:white_wool":37,"minecraft:cobblestone":232},"minecraft:custom":{"minecraft:interact_with_furnace":50,"minecraft:mob_kills":52,"minecraft:interact_with_crafting_table":22,"minecraft:interact_with_loom":1,"minecraft:leave_game":3,"minecraft:time_since_death":141213,"minecraft:sleep_in_bed":7,"minecraft:climb_one_cm":4733,"minecraft:time_since_rest":13029,"minecraft:sprint_one_cm":379361,"minecraft:damage_taken":1603,"minecraft:walk_one_cm":605073,"minecraft:damage_blocked_by_shield":495,"minecraft:drop":25,"minecraft:damage_dealt":7421,"minecraft:swim_one_cm":22698,"minecraft:fly_one_cm":668170,"minecraft:open_chest":16,"minecraft:play_time":147967,"minecraft:crouch_one_cm":22275,"minecraft:deaths":1,"minecraft:sneak_time":6683,"minecraft:walk_under_water_one_cm":3526,"minecraft:boat_one_cm":59306,"minecraft:jump":3544,"minecraft:walk_on_water_one_cm":8099,"minecraft:total_world_time":147967,"minecraft:fall_one_cm":97561},"minecraft:crafted":{"minecraft:cooked_beef":8,"minecraft:wooden_sword":1,"minecraft:fishing_rod":1,"minecraft:cooked_porkchop":7,"minecraft:crafting_table":2,"minecraft:spruce_planks":140,"minecraft:cooked_chicken":5,"minecraft:wooden_pickaxe":1,"minecraft:iron_helmet":1,"minecraft:iron_sword":1,"minecraft:furnace":4,"minecraft:stone":16,"minecraft:stone_axe":1,"minecraft:cooked_mutton":5,"minecraft:air":0,"minecraft:iron_chestplate":1,"minecraft:diamond_helmet":1,"minecraft:iron_boots":1,"minecraft:shield":1,"minecraft:iron_axe":1,"minecraft:ladder":3,"minecraft:spruce_slab":24,"minecraft:stick":76,"minecraft:iron_ingot":134,"minecraft:iron_pickaxe":2,"minecraft:stone_pickaxe":1,"minecraft:stone_sword":1,"minecraft:iron_leggings":1,"minecraft:spruce_boat":1,"minecraft:torch":212,"minecraft:shears":1}},"DataVersion":3953}