{"stats":{"minecraft:used":{"minecraft:stone_sword":60,"minecraft:stone_pickaxe":102,"minecraft:wooden_pickaxe":19,"minecraft:spruce_planks":3,"minecraft:shield":2,"minecraft:iron_sword":24,"minecraft:blue_bed":1,"minecraft:torch":138,"minecraft:crafting_table":5,"minecraft:bread":1,"minecraft:iron_pickaxe":168,"minecraft:stone_axe":24,"minecraft:sweet_berries":67,"minecraft:furnace":2},"minecraft:killed_by":{"minecraft:spider":1},"minecraft:dropped":{"minecraft:sweet_berries":38,"minecraft:stone_sword":1,"minecraft:spruce_planks":26,"minecraft:wooden_sword":1,"minecraft:stone_pickaxe":1,"minecraft:wooden_pickaxe":1,"minecraft:blue_bed":1},"minecraft:picked_up":{"minecraft:crafting_table":4,"minecraft:feather":5,"minecraft:chicken":4,"minecraft:glow_ink_sac":3,"minecraft:tuff":12,"minecraft:blue_bed":3,"minecraft:string":1,"minecraft:wheat_seeds":1,"minecraft:cobbled_deepslate":34,"minecraft:raw_gold":17,"minecraft:beef":8,"minecraft:iron_ingot":5,"minecraft:stick":1,"minecraft:raw_iron":101,"minecraft:sweet_berries":103,"minecraft:torch":6,"minecraft:porkchop":21,"minecraft:spruce_log":27,"minecraft:rotten_flesh":3,"minecraft:diamond":19,"minecraft:coal":71,"minecraft:mutton":5,"minecraft:white_wool":4,"minecraft:cobblestone":40},"minecraft:mined":{"minecraft:tuff":10,"minecraft:deepslate_diamond_ore":19,"minecraft:crafting_table":4,"minecraft:torch":2,"minecraft:short_grass":1,"minecraft:spruce_leaves":8,"minecraft:deepslate_gold_ore":17,"minecraft:wall_torch":2,"minecraft:blue_bed":3,"minecraft:large_fern":3,"minecraft:iron_ore":10,"minecraft:sweet_berry_bush":46,"minecraft:spruce_log":27,"minecraft:coal_ore":71,"minecraft:deepslate_iron_ore":90,"minecraft:gravel":1,"minecraft:stone":40,"minecraft:deepslate":31,"minecraft:fern":2},"minecraft:killed":{"minecraft:pig":10,"minecraft:spider":2,"minecraft:sheep":4,"minecraft:zombie":6,"minecraft:chicken":4,"minecraft:cow":4},"minecraft:custom":{"minecraft:interact_with_furnace":3,"minecraft:mob_kills":30,"minecraft:interact_with_crafting_table":8,"minecraft:interact_with_loom":1,"minecraft:leave_game":1,"minecraft:time_since_death":56214,"minecraft:sleep_in_bed":1,"minecraft:time_since_rest":11892,"minecraft:sprint_one_cm":124039,"minecraft:damage_taken":798,"minecraft:walk_one_cm":266526,"minecraft:damage_blocked_by_shield":76,"minecraft:drop":7,"minecraft:damage_dealt":3706,"minecraft:fly_one_cm":288011,"minecraft:open_chest":2,"minecraft:crouch_one_cm":19134,"minecraft:play_time":62968,"minecraft:deaths":1,"minecraft:sneak_time":5745,"minecraft:jump":1552,"minecraft:walk_on_water_one_cm":1311,"minecraft:total_world_time":62968,"minecraft:fall_one_cm":42340},"minecraft:crafted":{"minecraft:wooden_sword":1,"minecraft:crafting_table":1,"minecraft:spruce_planks":108,"minecraft:wooden_pickaxe":1,"minecraft:iron_sword":1,"minecraft:furnace":4,"minecraft:stone_axe":1,"minecraft:shield":1,"minecraft:stick":56,"minecraft:iron_pickaxe":1,"minecraft:stone_pickaxe":1,"minecraft:stone_sword":1,"minecraft:torch":212}},"DataVersion":3953}