{"stats":{"minecraft:used":{"minecraft:stone_axe":23,"minecraft:stone_sword":4,"minecraft:crafting_table":3,"minecraft:stone_pickaxe":40,"minecraft:wooden_pickaxe":19,"minecraft:torch":5},"minecraft:killed_by":{"minecraft:spider":1},"minecraft:picked_up":{"minecraft:stick":1,"minecraft:crafting_table":3,"minecraft:torch":3,"minecraft:spruce_log":27,"minecraft:coal":35,"minecraft:cobblestone":24},"minecraft:mined":{"minecraft:coal_ore":35,"minecraft:short_grass":1,"minecraft:spruce_leaves":3,"minecraft:spruce_log":27,"minecraft:stone":24,"minecraft:torch":1,"minecraft:wall_torch":2,"minecraft:crafting_table":3},"minecraft:killed":{"minecraft:spider":1},"minecraft:custom":{"minecraft:time_since_rest":8242,"minecraft:crouch_one_cm":698,"minecraft:sprint_one_cm":39432,"minecraft:play_time":14968,"minecraft:walk_one_cm":54904,"minecraft:damage_taken":258,"minecraft:deaths":1,"minecraft:sneak_time":273,"minecraft:mob_kills":1,"minecraft:jump":509,"minecraft:damage_dealt":270,"minecraft:time_since_death":8214,"minecraft:leave_game":1,"minecraft:total_world_time":14968,"minecraft:interact_with_crafting_table":3,"minecraft:fall_one_cm":13195,"minecraft:fly_one_cm":116592},"minecraft:crafted":{"minecraft:stone_sword":1,"minecraft:wooden_sword":1,"minecraft:torch":4,"minecraft:stone_axe":1,"minecraft:crafting_table":1,"minecraft:spruce_planks":20,"minecraft:stick":8,"minecraft:wooden_pickaxe":1,"minecraft:stone_pickaxe":1}},"DataVersion":3953}