{"stats":{"minecraft:used":{"minecraft:stone_sword":60,"minecraft:stone_pickaxe":102,"minecraft:wooden_pickaxe":19,"minecraft:spruce_planks":3,"minecraft:shield":11,"minecraft:iron_sword":49,"minecraft:blue_bed":2,"minecraft:torch":159,"minecraft:crafting_table":7,"minecraft:iron_axe":2,"minecraft:bread":6,"minecraft:iron_pickaxe":206,"minecraft:stone_axe":24,"minecraft:sweet_berries":71,"minecraft:furnace":6},"minecraft:killed_by":{"minecraft:spider":1},"minecraft:dropped":{"minecraft:stone_axe":1,"minecraft:sweet_berries":38,"minecraft:stone_sword":1,"minecraft:spruce_planks":26,"minecraft:wooden_sword":1,"minecraft:stone_pickaxe":1,"minecraft:wooden_pickaxe":1,"minecraft:blue_bed":1},"minecraft:picked_up":{"minecraft:crafting_table":6,"minecraft:feather":6,"minecraft:chicken":5,"minecraft:glow_ink_sac":3,"minecraft:tuff":15,"minecraft:blue_bed":4,"minecraft:string":1,"minecraft:bone":2,"minecraft:wheat_seeds":1,"minecraft:cobbled_deepslate":51,"minecraft:raw_gold":21,"minecraft:iron_ingot":5,"minecraft:beef":8,"minecraft:furnace":4,"minecraft:stick":1,"minecraft:raw_iron":109,"minecraft:sweet_berries":103,"minecraft:torch":6,"minecraft:porkchop":21,"minecraft:spruce_log":27,"minecraft:spider_eye":1,"minecraft:arrow":2,"minecraft:rotten_flesh":5,"minecraft:diamond":20,"minecraft:coal":73,"minecraft:mutton":5,"minecraft:white_wool":4,"minecraft:cobblestone":40},"minecraft:mined":{"minecraft:tuff":13,"minecraft:deepslate_diamond_ore":20,"minecraft:crafting_table":6,"minecraft:torch":2,"minecraft:short_grass":1,"minecraft:spruce_leaves":8,"minecraft:deepslate_gold_ore":21,"minecraft:wall_torch":2,"minecraft:blue_bed":4,"minecraft:large_fern":3,"minecraft:furnace":4,"minecraft:cobbled_deepslate":2,"minecraft:iron_ore":10,"minecraft:sweet_berry_bush":46,"minecraft:spruce_log":27,"minecraft:coal_ore":71,"minecraft:deepslate_iron_ore":98,"minecraft:gravel":1,"minecraft:stone":40,"minecraft:deepslate":47,"minecraft:fern":2},"minecraft:killed":{"minecraft:pig":10,"minecraft:spider":3,"minecraft:skeleton":2,"minecraft:sheep":4,"minecraft:zombie":9,"minecraft:chicken":5,"minecraft:cow":4},"minecraft:custom":{"minecraft:interact_with_furnace":27,"minecraft:mob_kills":38,"minecraft:interact_with_crafting_table":13,"minecraft:interact_with_loom":1,"minecraft:leave_game":2,"minecraft:time_since_death":71710,"minecraft:sleep_in_bed":2,"minecraft:time_since_rest":4072,"minecraft:sprint_one_cm":140851,"minecraft:damage_taken":1134,"minecraft:walk_one_cm":338965,"minecraft:damage_blocked_by_shield":376,"minecraft:drop":8,"minecraft:damage_dealt":4997,"minecraft:fly_one_cm":323123,"minecraft:open_chest":2,"minecraft:crouch_one_cm":20636,"minecraft:play_time":78464,"minecraft:deaths":1,"minecraft:sneak_time":6177,"minecraft:jump":1828,"minecraft:walk_on_water_one_cm":1518,"minecraft:total_world_time":78464,"minecraft:fall_one_cm":48934},"minecraft:crafted":{"minecraft:wooden_sword":1,"minecraft:crafting_table":1,"minecraft:spruce_planks":108,"minecraft:iron_helmet":1,"minecraft:wooden_pickaxe":1,"minecraft:iron_sword":1,"minecraft:furnace":4,"minecraft:stone_axe":1,"minecraft:air":0,"minecraft:iron_boots":1,"minecraft:iron_chestplate":1,"minecraft:shield":1,"minecraft:iron_axe":1,"minecraft:stick":60,"minecraft:iron_ingot":134,"minecraft:iron_pickaxe":1,"minecraft:stone_pickaxe":1,"minecraft:stone_sword":1,"minecraft:iron_leggings":1,"minecraft:torch":212}},"DataVersion":3953}