{"stats":{"minecraft:used":{"minecraft:stone_sword":60,"minecraft:iron_pickaxe":41,"minecraft:stone_pickaxe":102,"minecraft:shield":1,"minecraft:spruce_planks":3,"minecraft:wooden_pickaxe":19,"minecraft:iron_sword":20,"minecraft:stone_axe":24,"minecraft:torch":76,"minecraft:sweet_berries":53,"minecraft:crafting_table":4},"minecraft:killed_by":{"minecraft:spider":1},"minecraft:dropped":{"minecraft:stone_sword":1,"minecraft:spruce_planks":26,"minecraft:wooden_sword":1,"minecraft:wooden_pickaxe":1,"minecraft:stone_pickaxe":1},"minecraft:picked_up":{"minecraft:raw_iron":28,"minecraft:stick":1,"minecraft:crafting_table":4,"minecraft:feather":5,"minecraft:chicken":4,"minecraft:sweet_berries":103,"minecraft:torch":5,"minecraft:porkchop":21,"minecraft:spruce_log":27,"minecraft:string":1,"minecraft:blue_bed":2,"minecraft:rotten_flesh":1,"minecraft:diamond":9,"minecraft:cobbled_deepslate":5,"minecraft:wheat_seeds":1,"minecraft:raw_gold":10,"minecraft:iron_ingot":5,"minecraft:beef":8,"minecraft:mutton":5,"minecraft:coal":71,"minecraft:white_wool":4,"minecraft:cobblestone":40},"minecraft:mined":{"minecraft:large_fern":3,"minecraft:deepslate_diamond_ore":9,"minecraft:iron_ore":10,"minecraft:sweet_berry_bush":46,"minecraft:spruce_log":27,"minecraft:crafting_table":4,"minecraft:torch":1,"minecraft:short_grass":1,"minecraft:coal_ore":71,"minecraft:deepslate_iron_ore":18,"minecraft:spruce_leaves":8,"minecraft:deepslate_gold_ore":10,"minecraft:stone":40,"minecraft:deepslate":4,"minecraft:blue_bed":2,"minecraft:wall_torch":2,"minecraft:fern":2},"minecraft:killed":{"minecraft:sheep":4,"minecraft:zombie":5,"minecraft:pig":10,"minecraft:chicken":4,"minecraft:spider":2,"minecraft:cow":4},"minecraft:custom":{"minecraft:time_since_rest":32242,"minecraft:sprint_one_cm":99466,"minecraft:damage_taken":738,"minecraft:walk_one_cm":192273,"minecraft:damage_blocked_by_shield":53,"minecraft:mob_kills":29,"minecraft:drop":5,"minecraft:damage_dealt":3456,"minecraft:interact_with_crafting_table":7,"minecraft:fly_one_cm":231751,"minecraft:open_chest":2,"minecraft:interact_with_loom":1,"minecraft:crouch_one_cm":7870,"minecraft:play_time":38968,"minecraft:deaths":1,"minecraft:sneak_time":2712,"minecraft:jump":1142,"minecraft:walk_on_water_one_cm":1095,"minecraft:leave_game":1,"minecraft:time_since_death":32214,"minecraft:total_world_time":38968,"minecraft:fall_one_cm":32983},"minecraft:crafted":{"minecraft:wooden_sword":1,"minecraft:shield":1,"minecraft:crafting_table":1,"minecraft:spruce_planks":108,"minecraft:stick":28,"minecraft:iron_pickaxe":1,"minecraft:wooden_pickaxe":1,"minecraft:stone_pickaxe":1,"minecraft:iron_sword":1,"minecraft:stone_sword":1,"minecraft:torch":80,"minecraft:stone_axe":1}},"DataVersion":3953}