{"stats":{"minecraft:used":{"minecraft:stone_sword":53,"minecraft:stone_pickaxe":95,"minecraft:wooden_pickaxe":19,"minecraft:stone_axe":23,"minecraft:torch":10,"minecraft:sweet_berries":19,"minecraft:crafting_table":3},"minecraft:killed_by":{"minecraft:spider":1},"minecraft:picked_up":{"minecraft:raw_iron":4,"minecraft:stick":1,"minecraft:crafting_table":3,"minecraft:feather":5,"minecraft:chicken":4,"minecraft:sweet_berries":103,"minecraft:torch":3,"minecraft:porkchop":21,"minecraft:spruce_log":27,"minecraft:blue_bed":2,"minecraft:wheat_seeds":1,"minecraft:beef":8,"minecraft:mutton":5,"minecraft:coal":71,"minecraft:white_wool":4,"minecraft:cobblestone":39},"minecraft:mined":{"minecraft:large_fern":3,"minecraft:iron_ore":4,"minecraft:sweet_berry_bush":46,"minecraft:spruce_log":27,"minecraft:crafting_table":3,"minecraft:torch":1,"minecraft:short_grass":1,"minecraft:coal_ore":71,"minecraft:spruce_leaves":8,"minecraft:stone":39,"minecraft:blue_bed":2,"minecraft:wall_torch":2,"minecraft:fern":2},"minecraft:killed":{"minecraft:sheep":4,"minecraft:pig":10,"minecraft:chicken":4,"minecraft:spider":1,"minecraft:cow":4},"minecraft:custom":{"minecraft:time_since_rest":20242,"minecraft:sprint_one_cm":83329,"minecraft:damage_taken":318,"minecraft:walk_one_cm":120127,"minecraft:mob_kills":23,"minecraft:damage_dealt":2120,"minecraft:interact_with_crafting_table":3,"minecraft:fly_one_cm":198842,"minecraft:open_chest":2,"minecraft:interact_with_loom":1,"minecraft:crouch_one_cm":1618,"minecraft:play_time":26968,"minecraft:deaths":1,"minecraft:sneak_time":1043,"minecraft:jump":900,"minecraft:leave_game":1,"minecraft:time_since_death":20214,"minecraft:total_world_time":26968,"minecraft:fall_one_cm":24072},"minecraft:crafted":{"minecraft:wooden_sword":1,"minecraft:crafting_table":1,"minecraft:spruce_planks":108,"minecraft:stick":20,"minecraft:wooden_pickaxe":1,"minecraft:stone_pickaxe":1,"minecraft:stone_sword":1,"minecraft:torch":80,"minecraft:stone_axe":1}},"DataVersion":3953}