{"stats":{"minecraft:killed":{"minecraft:cave_spider":6,"minecraft:spider":4,"minecraft:skeleton":3,"minecraft:chicken":5,"minecraft:pig":10,"minecraft:sheep":4,"minecraft:zombie":14,"minecraft:cow":4},"minecraft:killed_by":{"minecraft:spider":1},"minecraft:dropped":{"minecraft:cooked_porkchop":7,"minecraft:cobblestone":64,"minecraft:dirt":19,"minecraft:gray_wool":1,"minecraft:diorite":4,"minecraft:diamond_helmet":1,"minecraft:wooden_sword":1,"minecraft:pumpkin":1,"minecraft:blue_bed":1,"minecraft:stone_axe":1,"minecraft:sweet_berries":38,"minecraft:stone_sword":1,"minecraft:cobbled_deepslate":49,"minecraft:tuff":20,"minecraft:pointed_dripstone":3,"minecraft:rotten_flesh":8,"minecraft:pumpkin_seeds":8,"minecraft:spruce_planks":30,"minecraft:spider_eye":3,"minecraft:wooden_pickaxe":1,"minecraft:stone_pickaxe":1},"minecraft:mined":{"minecraft:tuff":14,"minecraft:deepslate_diamond_ore":21,"minecraft:carved_pumpkin":1,"minecraft:grass_block":3,"minecraft:spruce_leaves":34,"minecraft:spawner":2,"minecraft:large_fern":3,"minecraft:furnace":7,"minecraft:iron_ore":14,"minecraft:cobbled_deepslate":2,"minecraft:pumpkin":1,"minecraft:bell":1,"minecraft:pointed_dripstone":2,"minecraft:deepslate_iron_ore":98,"minecraft:stone":198,"minecraft:spruce_slab":3,"minecraft:crafting_table":8,"minecraft:torch":2,"minecraft:short_grass":19,"minecraft:copper_ore":3,"minecraft:deepslate_gold_ore":21,"minecraft:diorite":6,"minecraft:blue_bed":9,"minecraft:wall_torch":2,"minecraft:birch_log":7,"minecraft:sweet_berry_bush":58,"minecraft:spruce_log":190,"minecraft:birch_leaves":16,"minecraft:oak_log":71,"minecraft:coal_ore":71,"minecraft:gravel":12,"minecraft:dirt":16,"minecraft:cobweb":24,"minecraft:oak_leaves":18,"minecraft:deepslate":107,"minecraft:fern":3},"minecraft:broken":{"minecraft:iron_axe":1,"minecraft:iron_pickaxe":1},"minecraft:used":{"minecraft:stone_sword":60,"minecraft:iron_shovel":30,"minecraft:spruce_slab":9,"minecraft:ladder":2,"minecraft:spruce_planks":4,"minecraft:shield":13,"minecraft:iron_sword":132,"minecraft:cooked_chicken":5,"minecraft:torch":236,"minecraft:tuff":6,"minecraft:iron_axe":250,"minecraft:sweet_berries":72,"minecraft:furnace":7,"minecraft:cooked_beef":6,"minecraft:wheat_seeds":2,"minecraft:cooked_mutton":5,"minecraft:birch_leaves":6,"minecraft:stone_pickaxe":102,"minecraft:wooden_pickaxe":19,"minecraft:blue_bed":7,"minecraft:crafting_table":10,"minecraft:shears":35,"minecraft:bread":6,"minecraft:iron_pickaxe":448,"minecraft:gravel":4,"minecraft:stone_axe":24},"minecraft:picked_up":{"minecraft:crafting_table":8,"minecraft:chicken":5,"minecraft:string":30,"minecraft:cobbled_deepslate":162,"minecraft:spruce_planks":4,"minecraft:beef":8,"minecraft:spruce_slab":3,"minecraft:birch_sapling":1,"minecraft:egg":1,"minecraft:furnace":7,"minecraft:raw_iron":113,"minecraft:stick":2,"minecraft:torch":10,"minecraft:porkchop":21,"minecraft:pointed_dripstone":3,"minecraft:diorite":4,"minecraft:arrow":3,"minecraft:stone_sword":1,"minecraft:rotten_flesh":8,"minecraft:carved_pumpkin":1,"minecraft:mutton":7,"minecraft:white_wool":37,"minecraft:cobblestone":232,"minecraft:birch_log":7,"minecraft:birch_leaves":6,"minecraft:feather":6,"minecraft:glow_ink_sac":3,"minecraft:flint":2,"minecraft:tuff":26,"minecraft:oak_log":71,"minecraft:blue_bed":8,"minecraft:dirt":19,"minecraft:bone":3,"minecraft:wheat_seeds":3,"minecraft:raw_gold":21,"minecraft:iron_ingot":5,"minecraft:pumpkin":2,"minecraft:sweet_berries":111,"minecraft:gravel":4,"minecraft:spruce_log":189,"minecraft:spider_eye":3,"minecraft:pumpkin_seeds":8,"minecraft:diamond":21,"minecraft:iron_helmet":1,"minecraft:gray_wool":6,"minecraft:oak_sapling":3,"minecraft:coal":73},"minecraft:custom":{"minecraft:mob_kills":52,"minecraft:interact_with_crafting_table":22,"minecraft:leave_game":3,"minecraft:time_since_death":153213,"minecraft:climb_one_cm":4733,"minecraft:sprint_one_cm":436554,"minecraft:walk_one_cm":635286,"minecraft:damage_blocked_by_shield":495,"minecraft:drop":25,"minecraft:play_time":159967,"minecraft:deaths":1,"minecraft:sneak_time":6983,"minecraft:walk_under_water_one_cm":4250,"minecraft:boat_one_cm":59306,"minecraft:jump":3938,"minecraft:walk_on_water_one_cm":8744,"minecraft:total_world_time":159967,"minecraft:interact_with_furnace":50,"minecraft:interact_with_loom":1,"minecraft:sleep_in_bed":7,"minecraft:time_since_rest":25029,"minecraft:damage_taken":1703,"minecraft:damage_dealt":7421,"minecraft:swim_one_cm":28877,"minecraft:fly_one_cm":739764,"minecraft:open_chest":16,"minecraft:crouch_one_cm":23063,"minecraft:fall_one_cm":108915},"minecraft:crafted":{"minecraft:wooden_sword":1,"minecraft:fishing_rod":1,"minecraft:cooked_chicken":5,"minecraft:furnace":4,"minecraft:stone":16,"minecraft:cooked_mutton":5,"minecraft:diamond_helmet":1,"minecraft:iron_boots":1,"minecraft:iron_axe":1,"minecraft:ladder":3,"minecraft:spruce_slab":24,"minecraft:stone_pickaxe":1,"minecraft:spruce_boat":1,"minecraft:cooked_beef":8,"minecraft:cooked_porkchop":7,"minecraft:crafting_table":2,"minecraft:spruce_planks":140,"minecraft:wooden_pickaxe":1,"minecraft:iron_helmet":1,"minecraft:iron_sword":1,"minecraft:stone_axe":1,"minecraft:air":0,"minecraft:iron_chestplate":1,"minecraft:shield":1,"minecraft:stick":76,"minecraft:iron_ingot":134,"minecraft:iron_pickaxe":2,"minecraft:stone_sword":1,"minecraft:iron_leggings":1,"minecraft:torch":212,"minecraft:shears":1}},"DataVersion":3953}