{"stats":{"minecraft:used":{"minecraft:stone_sword":60,"minecraft:iron_shovel":10,"minecraft:stone_pickaxe":102,"minecraft:wooden_pickaxe":19,"minecraft:spruce_planks":3,"minecraft:shield":13,"minecraft:iron_sword":126,"minecraft:blue_bed":2,"minecraft:cooked_chicken":2,"minecraft:torch":217,"minecraft:crafting_table":8,"minecraft:iron_axe":3,"minecraft:bread":6,"minecraft:iron_pickaxe":260,"minecraft:stone_axe":24,"minecraft:sweet_berries":71,"minecraft:furnace":6},"minecraft:killed_by":{"minecraft:spider":1},"minecraft:broken":{"minecraft:iron_pickaxe":1},"minecraft:dropped":{"minecraft:stone_axe":1,"minecraft:sweet_berries":38,"minecraft:stone_sword":1,"minecraft:cooked_porkchop":7,"minecraft:spruce_planks":26,"minecraft:wooden_sword":1,"minecraft:stone_pickaxe":1,"minecraft:wooden_pickaxe":1,"minecraft:blue_bed":1},"minecraft:picked_up":{"minecraft:crafting_table":7,"minecraft:feather":6,"minecraft:chicken":5,"minecraft:glow_ink_sac":3,"minecraft:flint":2,"minecraft:tuff":15,"minecraft:blue_bed":4,"minecraft:string":29,"minecraft:bone":3,"minecraft:wheat_seeds":1,"minecraft:cobbled_deepslate":100,"minecraft:raw_gold":21,"minecraft:spruce_planks":4,"minecraft:iron_ingot":5,"minecraft:beef":8,"minecraft:furnace":7,"minecraft:stick":1,"minecraft:raw_iron":109,"minecraft:sweet_berries":103,"minecraft:torch":9,"minecraft:gravel":4,"minecraft:porkchop":21,"minecraft:pointed_dripstone":1,"minecraft:spruce_log":27,"minecraft:spider_eye":3,"minecraft:arrow":3,"minecraft:rotten_flesh":8,"minecraft:diamond":21,"minecraft:coal":73,"minecraft:mutton":5,"minecraft:white_wool":4,"minecraft:cobblestone":40},"minecraft:mined":{"minecraft:tuff":13,"minecraft:deepslate_diamond_ore":21,"minecraft:crafting_table":7,"minecraft:torch":2,"minecraft:short_grass":1,"minecraft:spruce_leaves":8,"minecraft:deepslate_gold_ore":21,"minecraft:wall_torch":2,"minecraft:blue_bed":4,"minecraft:spawner":2,"minecraft:large_fern":3,"minecraft:furnace":7,"minecraft:cobbled_deepslate":2,"minecraft:iron_ore":10,"minecraft:sweet_berry_bush":46,"minecraft:spruce_log":27,"minecraft:pointed_dripstone":1,"minecraft:coal_ore":71,"minecraft:deepslate_iron_ore":98,"minecraft:gravel":11,"minecraft:cobweb":23,"minecraft:stone":40,"minecraft:deepslate":93,"minecraft:fern":2},"minecraft:killed":{"minecraft:cave_spider":6,"minecraft:pig":10,"minecraft:spider":4,"minecraft:skeleton":3,"minecraft:sheep":4,"minecraft:zombie":14,"minecraft:chicken":5,"minecraft:cow":4},"minecraft:custom":{"minecraft:interact_with_furnace":44,"minecraft:mob_kills":52,"minecraft:interact_with_crafting_table":14,"minecraft:interact_with_loom":1,"minecraft:leave_game":2,"minecraft:time_since_death":83710,"minecraft:sleep_in_bed":2,"minecraft:time_since_rest":16072,"minecraft:sprint_one_cm":148026,"minecraft:damage_taken":1273,"minecraft:walk_one_cm":434303,"minecraft:damage_blocked_by_shield":495,"minecraft:drop":9,"minecraft:damage_dealt":7330,"minecraft:fly_one_cm":323742,"minecraft:open_chest":3,"minecraft:crouch_one_cm":20831,"minecraft:play_time":90464,"minecraft:deaths":1,"minecraft:sneak_time":6227,"minecraft:jump":1961,"minecraft:walk_on_water_one_cm":2375,"minecraft:total_world_time":90464,"minecraft:fall_one_cm":48934},"minecraft:crafted":{"minecraft:cooked_beef":8,"minecraft:wooden_sword":1,"minecraft:cooked_porkchop":7,"minecraft:crafting_table":2,"minecraft:spruce_planks":108,"minecraft:cooked_chicken":5,"minecraft:iron_helmet":1,"minecraft:wooden_pickaxe":1,"minecraft:iron_sword":1,"minecraft:furnace":4,"minecraft:stone_axe":1,"minecraft:cooked_mutton":5,"minecraft:air":0,"minecraft:iron_boots":1,"minecraft:iron_chestplate":1,"minecraft:shield":1,"minecraft:iron_axe":1,"minecraft:stick":60,"minecraft:iron_ingot":134,"minecraft:iron_pickaxe":2,"minecraft:stone_pickaxe":1,"minecraft:stone_sword":1,"minecraft:iron_leggings":1,"minecraft:torch":212}},"DataVersion":3953}