{"stats":{"minecraft:used":{"minecraft:stone_sword":60,"minecraft:iron_shovel":29,"minecraft:stone_pickaxe":102,"minecraft:wooden_pickaxe":19,"minecraft:spruce_planks":3,"minecraft:shield":13,"minecraft:iron_sword":128,"minecraft:blue_bed":3,"minecraft:cooked_chicken":5,"minecraft:torch":236,"minecraft:crafting_table":9,"minecraft:tuff":6,"minecraft:iron_axe":57,"minecraft:bread":6,"minecraft:iron_pickaxe":447,"minecraft:gravel":4,"minecraft:stone_axe":24,"minecraft:sweet_berries":71,"minecraft:furnace":6,"minecraft:cooked_beef":1},"minecraft:killed_by":{"minecraft:spider":1},"minecraft:broken":{"minecraft:iron_pickaxe":1},"minecraft:dropped":{"minecraft:stone_axe":1,"minecraft:sweet_berries":38,"minecraft:stone_sword":1,"minecraft:cobbled_deepslate":49,"minecraft:tuff":10,"minecraft:cooked_porkchop":7,"minecraft:pointed_dripstone":3,"minecraft:cobblestone":64,"minecraft:dirt":19,"minecraft:diorite":4,"minecraft:spruce_planks":26,"minecraft:diamond_helmet":1,"minecraft:spider_eye":3,"minecraft:wooden_sword":1,"minecraft:stone_pickaxe":1,"minecraft:wooden_pickaxe":1,"minecraft:blue_bed":1},"minecraft:picked_up":{"minecraft:crafting_table":8,"minecraft:feather":6,"minecraft:chicken":5,"minecraft:glow_ink_sac":3,"minecraft:flint":2,"minecraft:tuff":16,"minecraft:dirt":19,"minecraft:blue_bed":5,"minecraft:string":30,"minecraft:bone":3,"minecraft:wheat_seeds":1,"minecraft:cobbled_deepslate":113,"minecraft:raw_gold":21,"minecraft:spruce_planks":4,"minecraft:iron_ingot":5,"minecraft:beef":8,"minecraft:furnace":7,"minecraft:stick":1,"minecraft:raw_iron":113,"minecraft:sweet_berries":103,"minecraft:torch":10,"minecraft:gravel":4,"minecraft:porkchop":21,"minecraft:pointed_dripstone":3,"minecraft:diorite":4,"minecraft:spruce_log":80,"minecraft:spider_eye":3,"minecraft:arrow":3,"minecraft:rotten_flesh":8,"minecraft:diamond":21,"minecraft:gray_wool":1,"minecraft:coal":73,"minecraft:mutton":7,"minecraft:white_wool":4,"minecraft:cobblestone":168},"minecraft:mined":{"minecraft:tuff":14,"minecraft:deepslate_diamond_ore":21,"minecraft:crafting_table":8,"minecraft:torch":2,"minecraft:short_grass":1,"minecraft:grass_block":3,"minecraft:copper_ore":3,"minecraft:spruce_leaves":9,"minecraft:deepslate_gold_ore":21,"minecraft:diorite":6,"minecraft:wall_torch":2,"minecraft:blue_bed":5,"minecraft:spawner":2,"minecraft:large_fern":3,"minecraft:furnace":7,"minecraft:cobbled_deepslate":2,"minecraft:iron_ore":14,"minecraft:sweet_berry_bush":46,"minecraft:spruce_log":80,"minecraft:pointed_dripstone":2,"minecraft:coal_ore":71,"minecraft:deepslate_iron_ore":98,"minecraft:dirt":16,"minecraft:gravel":11,"minecraft:cobweb":24,"minecraft:stone":198,"minecraft:deepslate":107,"minecraft:fern":2},"minecraft:killed":{"minecraft:cave_spider":6,"minecraft:pig":10,"minecraft:spider":4,"minecraft:skeleton":3,"minecraft:sheep":4,"minecraft:zombie":14,"minecraft:chicken":5,"minecraft:cow":4},"minecraft:custom":{"minecraft:interact_with_furnace":44,"minecraft:mob_kills":52,"minecraft:interact_with_crafting_table":16,"minecraft:interact_with_loom":1,"minecraft:leave_game":2,"minecraft:time_since_death":95710,"minecraft:sleep_in_bed":3,"minecraft:time_since_rest":10663,"minecraft:sprint_one_cm":178459,"minecraft:damage_taken":1383,"minecraft:walk_one_cm":481955,"minecraft:damage_blocked_by_shield":495,"minecraft:drop":17,"minecraft:damage_dealt":7390,"minecraft:swim_one_cm":5096,"minecraft:fly_one_cm":350024,"minecraft:open_chest":3,"minecraft:crouch_one_cm":21212,"minecraft:play_time":102464,"minecraft:deaths":1,"minecraft:sneak_time":6338,"minecraft:walk_under_water_one_cm":2050,"minecraft:jump":2200,"minecraft:walk_on_water_one_cm":5966,"minecraft:total_world_time":102464,"minecraft:fall_one_cm":52667},"minecraft:crafted":{"minecraft:cooked_beef":8,"minecraft:wooden_sword":1,"minecraft:cooked_porkchop":7,"minecraft:crafting_table":2,"minecraft:spruce_planks":108,"minecraft:cooked_chicken":5,"minecraft:iron_helmet":1,"minecraft:wooden_pickaxe":1,"minecraft:iron_sword":1,"minecraft:furnace":4,"minecraft:stone_axe":1,"minecraft:cooked_mutton":5,"minecraft:air":0,"minecraft:diamond_helmet":1,"minecraft:iron_boots":1,"minecraft:iron_chestplate":1,"minecraft:shield":1,"minecraft:iron_axe":1,"minecraft:stick":60,"minecraft:iron_ingot":134,"minecraft:iron_pickaxe":2,"minecraft:stone_pickaxe":1,"minecraft:stone_sword":1,"minecraft:iron_leggings":1,"minecraft:torch":212}},"DataVersion":3953}