{"stats":{"minecraft:killed":{"minecraft:cave_spider":1,"minecraft:salmon":2,"minecraft:spider":1,"minecraft:sheep":1,"minecraft:skeleton":3,"minecraft:zombie":5,"minecraft:chicken":3,"minecraft:turtle":1,"minecraft:enderman":1,"minecraft:cow":1},"minecraft:used":{"minecraft:stone_sword":87,"minecraft:stone_shovel":18,"minecraft:chest":1,"minecraft:birch_boat":1,"minecraft:shield":12,"minecraft:cherry_planks":2,"minecraft:cooked_salmon":2,"minecraft:spruce_sign":1,"minecraft:torch":44,"minecraft:dirt":23,"minecraft:crafting_table":2,"minecraft:white_bed":1,"minecraft:tuff":2,"minecraft:diamond_pickaxe":444,"minecraft:stone_axe":76,"minecraft:written_book":4,"minecraft:furnace":1,"minecraft:egg":1,"minecraft:cooked_beef":11},"minecraft:picked_up":{"minecraft:birch_log":15,"minecraft:seagrass":2,"minecraft:crafting_table":2,"minecraft:iron_chestplate":1,"minecraft:cooked_beef":15,"minecraft:feather":1,"minecraft:chicken":3,"minecraft:cherry_planks":1,"minecraft:andesite":13,"minecraft:salmon":2,"minecraft:tuff":42,"minecraft:shield":1,"minecraft:string":3,"minecraft:lapis_lazuli":30,"minecraft:dirt":23,"minecraft:iron_leggings":1,"minecraft:bone":4,"minecraft:cobbled_deepslate":90,"minecraft:raw_gold":7,"minecraft:beef":1,"minecraft:written_book":2,"minecraft:oak_planks":3,"minecraft:birch_sapling":25,"minecraft:egg":2,"minecraft:iron_boots":1,"minecraft:furnace":1,"minecraft:raw_iron":27,"minecraft:stick":20,"minecraft:torch":4,"minecraft:acacia_log":9,"minecraft:gravel":1,"minecraft:cherry_log":34,"minecraft:spruce_sapling":1,"minecraft:white_bed":1,"minecraft:spruce_log":10,"minecraft:dark_oak_log":5,"minecraft:stone_sword":1,"minecraft:arrow":4,"minecraft:rotten_flesh":5,"minecraft:diamond":11,"minecraft:shears":1,"minecraft:iron_helmet":1,"minecraft:granite":35,"minecraft:emerald":1,"minecraft:mutton":1,"minecraft:coal":80,"minecraft:ender_pearl":1,"minecraft:white_wool":147,"minecraft:cobblestone":114,"minecraft:diamond_pickaxe":1},"minecraft:custom":{"minecraft:interact_with_furnace":7,"minecraft:mob_kills":19,"minecraft:interact_with_crafting_table":10,"minecraft:leave_game":4,"minecraft:time_since_death":78853,"minecraft:climb_one_cm":564,"minecraft:time_since_rest":78853,"minecraft:sprint_one_cm":328745,"minecraft:damage_taken":563,"minecraft:walk_one_cm":290415,"minecraft:damage_blocked_by_shield":496,"minecraft:drop":11,"minecraft:damage_dealt":2544,"minecraft:swim_one_cm":5004,"minecraft:fly_one_cm":155102,"minecraft:open_chest":28,"minecraft:crouch_one_cm":312,"minecraft:play_time":78853,"minecraft:sneak_time":73,"minecraft:walk_under_water_one_cm":3720,"minecraft:boat_one_cm":42958,"minecraft:jump":1068,"minecraft:interact_with_blast_furnace":1,"minecraft:walk_on_water_one_cm":9618,"minecraft:total_world_time":78853,"minecraft:interact_with_smoker":9,"minecraft:fall_one_cm":17502},"minecraft:dropped":{"minecraft:shears":1,"minecraft:spruce_log":5,"minecraft:written_book":2,"minecraft:white_wool":146},"minecraft:mined":{"minecraft:tuff":42,"minecraft:white_bed":1,"minecraft:cherry_planks":1,"minecraft:deepslate_diamond_ore":11,"minecraft:sculk_vein":3,"minecraft:cherry_log":35,"minecraft:dark_oak_log":5,"minecraft:crafting_table":2,"minecraft:torch":1,"minecraft:granite":35,"minecraft:short_grass":6,"minecraft:emerald_ore":1,"minecraft:acacia_log":9,"minecraft:grass_block":19,"minecraft:spruce_leaves":6,"minecraft:deepslate_gold_ore":7,"minecraft:sculk":11,"minecraft:wall_torch":2,"minecraft:furnace":1,"minecraft:birch_log":15,"minecraft:iron_ore":17,"minecraft:spruce_log":11,"minecraft:andesite":13,"minecraft:deepslate_lapis_ore":5,"minecraft:coal_ore":80,"minecraft:deepslate_iron_ore":12,"minecraft:cherry_leaves":6,"minecraft:dirt":6,"minecraft:cobweb":1,"minecraft:stone":113,"minecraft:oak_leaves":1,"minecraft:deepslate":90},"minecraft:crafted":{"minecraft:cooked_beef":1,"minecraft:cherry_planks":136,"minecraft:stone_shovel":1,"minecraft:spruce_sign":3,"minecraft:crafting_table":1,"minecraft:spruce_planks":8,"minecraft:birch_boat":1,"minecraft:baked_potato":50,"minecraft:cooked_chicken":3,"minecraft:furnace":1,"minecraft:cooked_salmon":2,"minecraft:birch_planks":12,"minecraft:stone_axe":1,"minecraft:cooked_mutton":1,"minecraft:air":0,"minecraft:charcoal":1,"minecraft:stick":4,"minecraft:chest":1,"minecraft:torch":40}},"DataVersion":3953}