{"stats":{"minecraft:used":{"minecraft:stone_sword":23,"minecraft:birch_boat":1,"minecraft:written_book":4,"minecraft:crafting_table":1,"minecraft:egg":1,"minecraft:white_bed":1,"minecraft:cooked_beef":1},"minecraft:killed":{"minecraft:chicken":1,"minecraft:salmon":2,"minecraft:turtle":1,"minecraft:cow":1},"minecraft:picked_up":{"minecraft:birch_log":3,"minecraft:seagrass":2,"minecraft:crafting_table":1,"minecraft:iron_chestplate":1,"minecraft:cooked_beef":15,"minecraft:chicken":1,"minecraft:salmon":2,"minecraft:spruce_sapling":1,"minecraft:white_bed":1,"minecraft:spruce_log":5,"minecraft:shield":1,"minecraft:iron_leggings":1,"minecraft:stone_sword":1,"minecraft:shears":1,"minecraft:iron_helmet":1,"minecraft:beef":1,"minecraft:written_book":2,"minecraft:diamond_pickaxe":1,"minecraft:white_wool":146,"minecraft:iron_boots":1,"minecraft:egg":1},"minecraft:dropped":{"minecraft:spruce_log":5,"minecraft:written_book":2,"minecraft:shears":1,"minecraft:white_wool":146},"minecraft:mined":{"minecraft:white_bed":1,"minecraft:birch_log":3,"minecraft:spruce_log":5,"minecraft:crafting_table":1,"minecraft:short_grass":5,"minecraft:spruce_leaves":6},"minecraft:crafted":{"minecraft:crafting_table":1,"minecraft:birch_boat":1,"minecraft:birch_planks":12},"minecraft:custom":{"minecraft:time_since_rest":18206,"minecraft:interact_with_furnace":1,"minecraft:sprint_one_cm":44575,"minecraft:damage_taken":115,"minecraft:walk_one_cm":78300,"minecraft:mob_kills":5,"minecraft:drop":11,"minecraft:damage_dealt":597,"minecraft:swim_one_cm":3840,"minecraft:interact_with_crafting_table":2,"minecraft:fly_one_cm":34909,"minecraft:open_chest":6,"minecraft:play_time":18206,"minecraft:sneak_time":6,"minecraft:walk_under_water_one_cm":3335,"minecraft:boat_one_cm":42958,"minecraft:jump":259,"minecraft:leave_game":3,"minecraft:time_since_death":18206,"minecraft:walk_on_water_one_cm":2817,"minecraft:climb_one_cm":564,"minecraft:total_world_time":18206,"minecraft:fall_one_cm":4681}},"DataVersion":3953}