{"stats":{"minecraft:killed_by":{"minecraft:skeleton":1,"minecraft:zombie":1},"minecraft:used":{"minecraft:birch_door":1,"minecraft:cobblestone_stairs":3,"minecraft:stone_pickaxe":46,"minecraft:iron_pickaxe":252,"minecraft:chest":1,"minecraft:wooden_pickaxe":120,"minecraft:torch":15,"minecraft:cobblestone":161,"minecraft:crafting_table":1,"minecraft:andesite":1,"minecraft:potato":1},"minecraft:picked_up":{"minecraft:andesite":6,"minecraft:torch":9,"minecraft:wooden_pickaxe":1,"minecraft:potato":1,"minecraft:gunpowder":1,"minecraft:dirt":19,"minecraft:raw_copper":55,"minecraft:name_tag":1,"minecraft:wheat_seeds":2,"minecraft:cobbled_deepslate":4,"minecraft:cherry_sapling":2,"minecraft:emerald":2,"minecraft:coal":62,"minecraft:cobblestone":283},"minecraft:custom":{"minecraft:time_since_rest":34345,"minecraft:interact_with_furnace":2,"minecraft:sprint_one_cm":13,"minecraft:damage_taken":778,"minecraft:walk_one_cm":260332,"minecraft:interact_with_anvil":1,"minecraft:mob_kills":1,"minecraft:drop":3,"minecraft:damage_dealt":109,"minecraft:interact_with_crafting_table":13,"minecraft:fly_one_cm":466,"minecraft:open_chest":15,"minecraft:play_time":56114,"minecraft:deaths":2,"minecraft:bell_ring":8,"minecraft:walk_under_water_one_cm":2912,"minecraft:interact_with_blast_furnace":3,"minecraft:jump":377,"minecraft:interact_with_stonecutter":1,"minecraft:leave_game":1,"minecraft:walk_on_water_one_cm":5446,"minecraft:time_since_death":34319,"minecraft:interact_with_smoker":1,"minecraft:climb_one_cm":545,"minecraft:total_world_time":56114,"minecraft:fall_one_cm":11881},"minecraft:mined":{"minecraft:cherry_sapling":3,"minecraft:andesite":6,"minecraft:birch_leaves":1,"minecraft:short_grass":10,"minecraft:emerald_ore":2,"minecraft:potatoes":1,"minecraft:grass_block":10,"minecraft:coal_ore":62,"minecraft:dirt":9,"minecraft:cobblestone":17,"minecraft:copper_ore":17,"minecraft:stone":280,"minecraft:wall_torch":6,"minecraft:deepslate":4,"minecraft:deepslate_copper_ore":2},"minecraft:dropped":{"minecraft:torch":1,"minecraft:cobblestone":1,"minecraft:wooden_pickaxe":1},"minecraft:crafted":{"minecraft:wooden_sword":1,"minecraft:crafting_table":2,"minecraft:stick":28,"minecraft:iron_ingot":4,"minecraft:wooden_pickaxe":3,"minecraft:iron_pickaxe":1,"minecraft:stone_pickaxe":2,"minecraft:wooden_axe":1,"minecraft:stone_sword":1,"minecraft:chest":1,"minecraft:birch_door":3,"minecraft:cobblestone_stairs":4,"minecraft:stone":8,"minecraft:birch_planks":172,"minecraft:torch":28},"minecraft:broken":{"minecraft:wooden_pickaxe":1,"minecraft:iron_pickaxe":1}},"DataVersion":3953}