{"stats":{"minecraft:used":{"minecraft:wheat_seeds":2,"minecraft:water_bucket":18,"minecraft:stone_sword":18,"minecraft:stone_pickaxe":44,"minecraft:wooden_shovel":48,"minecraft:chest":4,"minecraft:wooden_pickaxe":4,"minecraft:shield":20,"minecraft:diamond_axe":21,"minecraft:iron_sword":156,"minecraft:blue_bed":9,"minecraft:cooked_chicken":2,"minecraft:rotten_flesh":2,"minecraft:torch":96,"minecraft:crafting_table":12,"minecraft:campfire":2,"minecraft:snowball":16,"minecraft:spruce_boat":1,"minecraft:wooden_hoe":28,"minecraft:iron_axe":5,"minecraft:iron_pickaxe":392,"minecraft:stone_axe":17,"minecraft:wooden_sword":2,"minecraft:cobblestone":30,"minecraft:sweet_berries":61,"minecraft:furnace":11,"minecraft:cooked_porkchop":16,"minecraft:bucket":18,"minecraft:andesite":13,"minecraft:cobbled_deepslate":95,"minecraft:bone_meal":6,"minecraft:pumpkin":1},"minecraft:killed_by":{"minecraft:zombie":2},"minecraft:broken":{"minecraft:iron_pickaxe":1},"minecraft:dropped":{"minecraft:iron_ingot":10,"minecraft:stone_axe":2,"minecraft:stone_sword":2,"minecraft:iron_pickaxe":1,"minecraft:bucket":1},"minecraft:picked_up":{"minecraft:birch_log":20,"minecraft:crafting_table":11,"minecraft:feather":2,"minecraft:chicken":2,"minecraft:water_bucket":1,"minecraft:andesite":13,"minecraft:flint":2,"minecraft:tuff":23,"minecraft:music_disc_cat":1,"minecraft:string":33,"minecraft:blue_bed":9,"minecraft:dirt":22,"minecraft:raw_copper":12,"minecraft:wheat_seeds":3,"minecraft:cobbled_deepslate":142,"minecraft:bell":1,"minecraft:spruce_planks":26,"minecraft:iron_ingot":3,"minecraft:iron_pickaxe":1,"minecraft:furnace":7,"minecraft:stick":1,"minecraft:raw_iron":152,"minecraft:cooked_porkchop":7,"minecraft:pumpkin":1,"minecraft:sweet_berries":38,"minecraft:torch":22,"minecraft:gravel":7,"minecraft:porkchop":3,"minecraft:pointed_dripstone":3,"minecraft:diorite":1,"minecraft:spruce_log":9,"minecraft:redstone":5,"minecraft:spider_eye":7,"minecraft:pumpkin_seeds":12,"minecraft:stone_sword":1,"minecraft:rotten_flesh":25,"minecraft:diamond":40,"minecraft:stone_axe":1,"minecraft:carved_pumpkin":1,"minecraft:coal":68,"minecraft:snowball":16,"minecraft:cobblestone":87},"minecraft:mined":{"minecraft:deepslate_redstone_ore":1,"minecraft:tuff":26,"minecraft:deepslate_diamond_ore":40,"minecraft:carved_pumpkin":1,"minecraft:crafting_table":11,"minecraft:torch":2,"minecraft:short_grass":22,"minecraft:grass_block":9,"minecraft:cobblestone":2,"minecraft:spruce_leaves":9,"minecraft:blue_bed":7,"minecraft:wall_torch":19,"minecraft:spawner":2,"minecraft:large_fern":1,"minecraft:furnace":7,"minecraft:wheat":1,"minecraft:birch_log":20,"minecraft:iron_ore":53,"minecraft:cobbled_deepslate":6,"minecraft:ice":1,"minecraft:spruce_log":8,"minecraft:andesite":13,"minecraft:pumpkin":4,"minecraft:coal_ore":33,"minecraft:deepslate_iron_ore":73,"minecraft:gravel":5,"minecraft:dirt":1,"minecraft:cobweb":27,"minecraft:stone":57,"minecraft:deepslate":125},"minecraft:killed":{"minecraft:cave_spider":8,"minecraft:pig":1,"minecraft:zombie_villager":1,"minecraft:spider":2,"minecraft:skeleton":1,"minecraft:zombie":27,"minecraft:chicken":2},"minecraft:custom":{"minecraft:interact_with_furnace":83,"minecraft:mob_kills":45,"minecraft:interact_with_crafting_table":32,"minecraft:bell_ring":69,"minecraft:leave_game":2,"minecraft:time_since_death":137585,"minecraft:sleep_in_bed":11,"minecraft:time_since_rest":3526,"minecraft:sprint_one_cm":472110,"minecraft:damage_taken":1700,"minecraft:walk_one_cm":704045,"minecraft:damage_blocked_by_shield":430,"minecraft:drop":16,"minecraft:damage_dealt":7256,"minecraft:swim_one_cm":19937,"minecraft:fly_one_cm":426899,"minecraft:open_chest":9,"minecraft:crouch_one_cm":22083,"minecraft:play_time":145155,"minecraft:deaths":2,"minecraft:sneak_time":6578,"minecraft:walk_under_water_one_cm":7619,"minecraft:boat_one_cm":58963,"minecraft:jump":2830,"minecraft:walk_on_water_one_cm":22427,"minecraft:total_world_time":145155,"minecraft:fall_one_cm":59367},"minecraft:crafted":{"minecraft:wooden_sword":1,"minecraft:wooden_shovel":1,"minecraft:cooked_porkchop":17,"minecraft:diamond_axe":1,"minecraft:crafting_table":1,"minecraft:spruce_planks":32,"minecraft:wooden_pickaxe":1,"minecraft:iron_helmet":1,"minecraft:cooked_chicken":2,"minecraft:iron_sword":2,"minecraft:furnace":4,"minecraft:bone_meal":15,"minecraft:bucket":1,"minecraft:birch_planks":56,"minecraft:campfire":2,"minecraft:stone_axe":1,"minecraft:air":0,"minecraft:wooden_hoe":1,"minecraft:iron_boots":1,"minecraft:iron_chestplate":1,"minecraft:shield":1,"minecraft:iron_axe":1,"minecraft:stick":56,"minecraft:iron_ingot":61,"minecraft:iron_pickaxe":3,"minecraft:stone_pickaxe":1,"minecraft:stone_sword":1,"minecraft:chest":4,"minecraft:iron_leggings":1,"minecraft:spruce_boat":1,"minecraft:torch":76}},"DataVersion":3953}