{"stats":{"minecraft:broken":{"minecraft:iron_pickaxe":1},"minecraft:dropped":{"minecraft:iron_ingot":10,"minecraft:iron_sword":1,"minecraft:birch_planks":13,"minecraft:iron_helmet":1,"minecraft:stick":4,"minecraft:dirt":13,"minecraft:wooden_hoe":1,"minecraft:torch":1,"minecraft:iron_pickaxe":1,"minecraft:birch_log":35,"minecraft:bucket":1,"minecraft:dandelion":2,"minecraft:stone_axe":2,"minecraft:stone_sword":2,"minecraft:raw_copper":5,"minecraft:cobblestone_slab":2,"minecraft:ladder":17,"minecraft:spruce_slab":2},"minecraft:killed_by":{"minecraft:zombie":2},"minecraft:custom":{"minecraft:mob_kills":74,"minecraft:interact_with_crafting_table":61,"minecraft:bell_ring":69,"minecraft:leave_game":4,"minecraft:time_since_death":2108,"minecraft:climb_one_cm":8090,"minecraft:sprint_one_cm":1163660,"minecraft:walk_one_cm":1354250,"minecraft:damage_blocked_by_shield":1420,"minecraft:drop":33,"minecraft:talked_to_villager":1,"minecraft:play_time":315789,"minecraft:sneak_time":30092,"minecraft:deaths":3,"minecraft:walk_under_water_one_cm":9071,"minecraft:boat_one_cm":58963,"minecraft:jump":5090,"minecraft:walk_on_water_one_cm":25729,"minecraft:total_world_time":315789,"minecraft:interact_with_furnace":124,"minecraft:interact_with_stonecutter":5,"minecraft:sleep_in_bed":24,"minecraft:time_since_rest":2167,"minecraft:damage_taken":2560,"minecraft:damage_dealt":12230,"minecraft:swim_one_cm":32415,"minecraft:fly_one_cm":774817,"minecraft:open_chest":131,"minecraft:crouch_one_cm":124958,"minecraft:fall_one_cm":105736},"minecraft:used":{"minecraft:stone_sword":18,"minecraft:iron_shovel":181,"minecraft:spruce_slab":112,"minecraft:ladder":17,"minecraft:chest":12,"minecraft:shield":45,"minecraft:stone":41,"minecraft:iron_sword":234,"minecraft:wooden_shovel":48,"minecraft:bell":1,"minecraft:cooked_chicken":2,"minecraft:rotten_flesh":2,"minecraft:torch":325,"minecraft:dirt":91,"minecraft:spruce_fence":62,"minecraft:snowball":16,"minecraft:spruce_boat":1,"minecraft:stone_brick_slab":40,"minecraft:iron_axe":6,"minecraft:sweet_berries":61,"minecraft:oak_sapling":5,"minecraft:furnace":13,"minecraft:cobbled_deepslate":101,"minecraft:pumpkin":1,"minecraft:wheat_seeds":75,"minecraft:cooked_mutton":2,"minecraft:water_bucket":19,"minecraft:birch_planks":3,"minecraft:stone_pickaxe":44,"minecraft:oak_planks":2,"minecraft:wooden_pickaxe":4,"minecraft:cobblestone_slab":159,"minecraft:stonecutter":1,"minecraft:blue_bed":10,"minecraft:diamond_axe":172,"minecraft:crafting_table":14,"minecraft:campfire":2,"minecraft:pumpkin_seeds":2,"minecraft:wooden_hoe":32,"minecraft:diamond_pickaxe":536,"minecraft:bread":13,"minecraft:iron_pickaxe":438,"minecraft:stone_axe":17,"minecraft:wooden_sword":2,"minecraft:cobblestone":205,"minecraft:cobbled_deepslate_slab":366,"minecraft:cooked_porkchop":28,"minecraft:andesite":13,"minecraft:bucket":19,"minecraft:birch_log":10,"minecraft:bone_meal":30},"minecraft:mined":{"minecraft:tuff":26,"minecraft:farmland":1,"minecraft:deepslate_diamond_ore":40,"minecraft:carved_pumpkin":1,"minecraft:ladder":1,"minecraft:granite":5,"minecraft:cobbled_deepslate_slab":128,"minecraft:grass_block":164,"minecraft:spruce_fence":9,"minecraft:spruce_leaves":9,"minecraft:spawner":2,"minecraft:large_fern":1,"minecraft:furnace":7,"minecraft:iron_ore":61,"minecraft:cobbled_deepslate":6,"minecraft:andesite":15,"minecraft:pumpkin":4,"minecraft:deepslate_iron_ore":73,"minecraft:cobblestone_slab":10,"minecraft:stone":253,"minecraft:spruce_slab":26,"minecraft:deepslate_redstone_ore":1,"minecraft:stone_brick_slab":3,"minecraft:dandelion":3,"minecraft:crafting_table":11,"minecraft:torch":4,"minecraft:short_grass":39,"minecraft:poppy":2,"minecraft:chest":1,"minecraft:cobblestone":64,"minecraft:lapis_ore":2,"minecraft:diorite":1,"minecraft:blue_bed":7,"minecraft:wall_torch":22,"minecraft:birch_planks":3,"minecraft:birch_log":100,"minecraft:wheat":53,"minecraft:ice":1,"minecraft:spruce_log":8,"minecraft:birch_leaves":45,"minecraft:bee_nest":1,"minecraft:oak_log":15,"minecraft:coal_ore":198,"minecraft:gravel":5,"minecraft:dirt":79,"minecraft:cobweb":27,"minecraft:oak_leaves":2,"minecraft:deepslate":125},"minecraft:crafted":{"minecraft:wooden_sword":1,"minecraft:cobbled_deepslate_slab":44,"minecraft:oak_planks":60,"minecraft:cobblestone_slab":54,"minecraft:cooked_chicken":2,"minecraft:furnace":6,"minecraft:cobblestone_stairs":8,"minecraft:stone":72,"minecraft:bone_meal":30,"minecraft:spruce_fence":96,"minecraft:stone_stairs":4,"minecraft:iron_boots":1,"minecraft:iron_axe":1,"minecraft:ladder":30,"minecraft:spruce_slab":84,"minecraft:stone_pickaxe":1,"minecraft:chest":11,"minecraft:spruce_boat":1,"minecraft:stone_bricks":20,"minecraft:wooden_shovel":1,"minecraft:cooked_porkchop":17,"minecraft:diamond_axe":1,"minecraft:crafting_table":3,"minecraft:spruce_planks":288,"minecraft:iron_helmet":1,"minecraft:wooden_pickaxe":1,"minecraft:iron_sword":2,"minecraft:bucket":1,"minecraft:birch_planks":172,"minecraft:campfire":2,"minecraft:stone_axe":1,"minecraft:bread":14,"minecraft:air":0,"minecraft:wooden_hoe":2,"minecraft:iron_chestplate":1,"minecraft:diamond_pickaxe":1,"minecraft:shield":1,"minecraft:stick":243,"minecraft:iron_ingot":85,"minecraft:iron_pickaxe":3,"minecraft:stone_sword":1,"minecraft:iron_shovel":1,"minecraft:iron_leggings":1,"minecraft:stonecutter":1,"minecraft:torch":376},"minecraft:killed":{"minecraft:cave_spider":8,"minecraft:spider":7,"minecraft:skeleton":10,"minecraft:chicken":2,"minecraft:pig":1,"minecraft:zombie_villager":1,"minecraft:creeper":1,"minecraft:pillager":2,"minecraft:zombie":36},"minecraft:picked_up":{"minecraft:iron_chestplate":1,"minecraft:crafting_table":11,"minecraft:wheat":39,"minecraft:ominous_bottle":1,"minecraft:chicken":2,"minecraft:ladder":36,"minecraft:lead":1,"minecraft:enchanted_book":3,"minecraft:shield":1,"minecraft:music_disc_cat":2,"minecraft:string":37,"minecraft:raw_copper":22,"minecraft:iron_leggings":1,"minecraft:iron_shovel":1,"minecraft:cobbled_deepslate":142,"minecraft:spruce_planks":154,"minecraft:cobblestone_slab":31,"minecraft:poppy":2,"minecraft:iron_pickaxe":3,"minecraft:spruce_slab":46,"minecraft:chest":3,"minecraft:birch_sapling":25,"minecraft:iron_boots":1,"minecraft:furnace":7,"minecraft:egg":2,"minecraft:stick":24,"minecraft:raw_iron":160,"minecraft:stone":2,"minecraft:copper_ingot":27,"minecraft:torch":136,"minecraft:spruce_fence":52,"minecraft:porkchop":3,"minecraft:pointed_dripstone":3,"minecraft:diorite":1,"minecraft:redstone":10,"minecraft:stone_sword":1,"minecraft:arrow":14,"minecraft:rotten_flesh":62,"minecraft:carved_pumpkin":1,"minecraft:snowball":16,"minecraft:white_wool":37,"minecraft:cobblestone":375,"minecraft:birch_log":162,"minecraft:feather":2,"minecraft:water_bucket":4,"minecraft:andesite":15,"minecraft:birch_planks":51,"minecraft:flint":2,"minecraft:tuff":23,"minecraft:oak_log":15,"minecraft:gunpowder":1,"minecraft:lapis_lazuli":17,"minecraft:wooden_hoe":3,"minecraft:dirt":300,"minecraft:blue_bed":10,"minecraft:white_banner":2,"minecraft:cooked_mutton":8,"minecraft:bone":27,"minecraft:wheat_seeds":130,"minecraft:cobbled_deepslate_slab":196,"minecraft:bell":1,"minecraft:iron_ingot":3,"minecraft:diamond_helmet":1,"minecraft:oak_planks":32,"minecraft:iron_sword":3,"minecraft:cooked_porkchop":7,"minecraft:pumpkin":1,"minecraft:sweet_berries":38,"minecraft:stone_brick_slab":8,"minecraft:dandelion":5,"minecraft:gravel":7,"minecraft:spruce_log":9,"minecraft:spider_eye":14,"minecraft:pumpkin_seeds":12,"minecraft:diamond":40,"minecraft:stone_axe":1,"minecraft:iron_helmet":2,"minecraft:diamond_axe":1,"minecraft:granite":10,"minecraft:bread":3,"minecraft:emerald":8,"minecraft:oak_sapling":5,"minecraft:coal":233,"minecraft:diamond_pickaxe":1}},"DataVersion":3953}