{"stats":{"minecraft:used":{"minecraft:water_bucket":6,"minecraft:stone_sword":18,"minecraft:stone_pickaxe":44,"minecraft:wooden_pickaxe":4,"minecraft:shield":5,"minecraft:iron_sword":74,"minecraft:blue_bed":2,"minecraft:cooked_chicken":2,"minecraft:rotten_flesh":2,"minecraft:torch":68,"minecraft:crafting_table":9,"minecraft:snowball":16,"minecraft:iron_pickaxe":295,"minecraft:stone_axe":16,"minecraft:wooden_sword":2,"minecraft:cobblestone":30,"minecraft:sweet_berries":32,"minecraft:furnace":8,"minecraft:cooked_porkchop":3,"minecraft:bucket":7,"minecraft:andesite":12,"minecraft:cobbled_deepslate":60},"minecraft:killed_by":{"minecraft:zombie":2},"minecraft:broken":{"minecraft:iron_pickaxe":1},"minecraft:dropped":{"minecraft:iron_ingot":5},"minecraft:picked_up":{"minecraft:crafting_table":9,"minecraft:feather":2,"minecraft:chicken":2,"minecraft:andesite":13,"minecraft:tuff":21,"minecraft:string":1,"minecraft:blue_bed":3,"minecraft:dirt":16,"minecraft:wheat_seeds":1,"minecraft:cobbled_deepslate":69,"minecraft:spruce_planks":26,"minecraft:iron_ingot":3,"minecraft:furnace":6,"minecraft:stick":1,"minecraft:raw_iron":140,"minecraft:sweet_berries":38,"minecraft:torch":4,"minecraft:gravel":1,"minecraft:porkchop":3,"minecraft:spruce_log":9,"minecraft:spider_eye":1,"minecraft:rotten_flesh":16,"minecraft:diamond":29,"minecraft:coal":39,"minecraft:snowball":16,"minecraft:cobblestone":54},"minecraft:mined":{"minecraft:tuff":24,"minecraft:deepslate_diamond_ore":29,"minecraft:crafting_table":9,"minecraft:torch":2,"minecraft:grass_block":3,"minecraft:cobblestone":2,"minecraft:spruce_leaves":9,"minecraft:blue_bed":2,"minecraft:wall_torch":2,"minecraft:large_fern":1,"minecraft:furnace":6,"minecraft:iron_ore":48,"minecraft:cobbled_deepslate":6,"minecraft:ice":1,"minecraft:spruce_log":8,"minecraft:andesite":13,"minecraft:coal_ore":33,"minecraft:deepslate_iron_ore":62,"minecraft:gravel":1,"minecraft:dirt":1,"minecraft:stone":54,"minecraft:deepslate":64},"minecraft:killed":{"minecraft:pig":1,"minecraft:spider":2,"minecraft:zombie":20,"minecraft:chicken":2},"minecraft:custom":{"minecraft:interact_with_furnace":67,"minecraft:mob_kills":27,"minecraft:interact_with_crafting_table":21,"minecraft:leave_game":2,"minecraft:time_since_death":65585,"minecraft:sleep_in_bed":4,"minecraft:time_since_rest":7280,"minecraft:sprint_one_cm":187674,"minecraft:damage_taken":1138,"minecraft:walk_one_cm":381842,"minecraft:damage_blocked_by_shield":82,"minecraft:drop":5,"minecraft:damage_dealt":4804,"minecraft:swim_one_cm":2892,"minecraft:fly_one_cm":161377,"minecraft:crouch_one_cm":16780,"minecraft:play_time":73155,"minecraft:deaths":2,"minecraft:sneak_time":4613,"minecraft:walk_under_water_one_cm":2981,"minecraft:jump":1284,"minecraft:walk_on_water_one_cm":4592,"minecraft:total_world_time":73155,"minecraft:fall_one_cm":25882},"minecraft:crafted":{"minecraft:wooden_sword":1,"minecraft:cooked_porkchop":3,"minecraft:crafting_table":1,"minecraft:spruce_planks":32,"minecraft:wooden_pickaxe":1,"minecraft:iron_helmet":1,"minecraft:cooked_chicken":2,"minecraft:iron_sword":1,"minecraft:furnace":2,"minecraft:bucket":1,"minecraft:stone_axe":1,"minecraft:air":0,"minecraft:iron_boots":1,"minecraft:iron_chestplate":1,"minecraft:shield":1,"minecraft:stick":32,"minecraft:iron_ingot":61,"minecraft:iron_pickaxe":2,"minecraft:stone_pickaxe":1,"minecraft:stone_sword":1,"minecraft:iron_leggings":1,"minecraft:torch":76}},"DataVersion":3953}