{"stats":{"minecraft:used":{"minecraft:water_bucket":3,"minecraft:stone_sword":18,"minecraft:stone_pickaxe":43,"minecraft:shield":3,"minecraft:wooden_pickaxe":4,"minecraft:iron_sword":54,"minecraft:blue_bed":1,"minecraft:cooked_chicken":2,"minecraft:rotten_flesh":2,"minecraft:torch":43,"minecraft:crafting_table":8,"minecraft:snowball":16,"minecraft:iron_pickaxe":231,"minecraft:stone_axe":15,"minecraft:wooden_sword":2,"minecraft:cobblestone":30,"minecraft:sweet_berries":10,"minecraft:furnace":6,"minecraft:cooked_porkchop":3,"minecraft:andesite":12,"minecraft:bucket":4},"minecraft:killed_by":{"minecraft:zombie":2},"minecraft:dropped":{"minecraft:iron_ingot":5},"minecraft:picked_up":{"minecraft:crafting_table":8,"minecraft:feather":2,"minecraft:chicken":2,"minecraft:andesite":13,"minecraft:tuff":14,"minecraft:blue_bed":1,"minecraft:dirt":16,"minecraft:wheat_seeds":1,"minecraft:cobbled_deepslate":43,"minecraft:spruce_planks":26,"minecraft:iron_ingot":1,"minecraft:furnace":4,"minecraft:stick":1,"minecraft:raw_iron":96,"minecraft:sweet_berries":38,"minecraft:torch":4,"minecraft:porkchop":3,"minecraft:spruce_log":9,"minecraft:rotten_flesh":12,"minecraft:diamond":11,"minecraft:coal":31,"minecraft:snowball":16,"minecraft:cobblestone":54},"minecraft:mined":{"minecraft:tuff":17,"minecraft:deepslate_diamond_ore":11,"minecraft:crafting_table":8,"minecraft:torch":2,"minecraft:grass_block":3,"minecraft:cobblestone":2,"minecraft:spruce_leaves":9,"minecraft:wall_torch":2,"minecraft:large_fern":1,"minecraft:furnace":4,"minecraft:iron_ore":48,"minecraft:ice":1,"minecraft:spruce_log":8,"minecraft:andesite":13,"minecraft:coal_ore":33,"minecraft:deepslate_iron_ore":51,"minecraft:dirt":1,"minecraft:stone":54,"minecraft:deepslate":44},"minecraft:killed":{"minecraft:pig":1,"minecraft:zombie":17,"minecraft:chicken":2},"minecraft:custom":{"minecraft:interact_with_furnace":46,"minecraft:mob_kills":22,"minecraft:interact_with_crafting_table":19,"minecraft:leave_game":1,"minecraft:time_since_death":42415,"minecraft:sleep_in_bed":2,"minecraft:time_since_rest":0,"minecraft:sprint_one_cm":95071,"minecraft:damage_taken":1022,"minecraft:walk_one_cm":280922,"minecraft:damage_blocked_by_shield":42,"minecraft:drop":5,"minecraft:damage_dealt":3845,"minecraft:swim_one_cm":2892,"minecraft:fly_one_cm":101450,"minecraft:crouch_one_cm":11513,"minecraft:play_time":49985,"minecraft:deaths":2,"minecraft:sneak_time":2816,"minecraft:walk_under_water_one_cm":2336,"minecraft:jump":827,"minecraft:walk_on_water_one_cm":4170,"minecraft:total_world_time":49985,"minecraft:fall_one_cm":16181},"minecraft:crafted":{"minecraft:wooden_sword":1,"minecraft:cooked_porkchop":3,"minecraft:crafting_table":1,"minecraft:spruce_planks":32,"minecraft:wooden_pickaxe":1,"minecraft:cooked_chicken":2,"minecraft:iron_helmet":1,"minecraft:iron_sword":1,"minecraft:furnace":2,"minecraft:bucket":1,"minecraft:stone_axe":1,"minecraft:air":0,"minecraft:iron_boots":1,"minecraft:iron_chestplate":1,"minecraft:shield":1,"minecraft:stick":24,"minecraft:iron_ingot":37,"minecraft:iron_pickaxe":1,"minecraft:stone_pickaxe":1,"minecraft:stone_sword":1,"minecraft:iron_leggings":1,"minecraft:torch":52}},"DataVersion":3953}