{"stats":{"minecraft:used":{"minecraft:stone_pickaxe":29,"minecraft:wooden_pickaxe":4,"minecraft:cooked_chicken":2,"minecraft:stone_axe":2,"minecraft:wooden_sword":2,"minecraft:crafting_table":4,"minecraft:furnace":1,"minecraft:snowball":16},"minecraft:killed_by":{"minecraft:zombie":2},"minecraft:picked_up":{"minecraft:stick":1,"minecraft:crafting_table":3,"minecraft:feather":2,"minecraft:chicken":2,"minecraft:spruce_log":9,"minecraft:dirt":12,"minecraft:wheat_seeds":1,"minecraft:coal":4,"minecraft:snowball":16,"minecraft:cobblestone":28},"minecraft:mined":{"minecraft:large_fern":1,"minecraft:spruce_log":8,"minecraft:crafting_table":3,"minecraft:coal_ore":4,"minecraft:spruce_leaves":9,"minecraft:stone":28},"minecraft:killed":{"minecraft:chicken":2},"minecraft:custom":{"minecraft:time_since_rest":6439,"minecraft:interact_with_furnace":2,"minecraft:sprint_one_cm":49112,"minecraft:damage_taken":565,"minecraft:walk_one_cm":48707,"minecraft:mob_kills":2,"minecraft:damage_dealt":248,"minecraft:interact_with_crafting_table":5,"minecraft:fly_one_cm":66272,"minecraft:crouch_one_cm":498,"minecraft:play_time":13985,"minecraft:deaths":2,"minecraft:sneak_time":104,"minecraft:jump":299,"minecraft:walk_on_water_one_cm":182,"minecraft:leave_game":1,"minecraft:time_since_death":6415,"minecraft:total_world_time":13985,"minecraft:fall_one_cm":7846},"minecraft:crafted":{"minecraft:wooden_sword":1,"minecraft:crafting_table":1,"minecraft:stick":12,"minecraft:spruce_planks":32,"minecraft:cooked_chicken":2,"minecraft:wooden_pickaxe":1,"minecraft:stone_pickaxe":1,"minecraft:stone_sword":1,"minecraft:furnace":1,"minecraft:stone_axe":1,"minecraft:air":0}},"DataVersion":3953}