{"stats":{"minecraft:used":{"minecraft:stone_sword":18,"minecraft:stone_pickaxe":43,"minecraft:wooden_pickaxe":4,"minecraft:iron_sword":40,"minecraft:cooked_chicken":2,"minecraft:torch":23,"minecraft:crafting_table":8,"minecraft:snowball":16,"minecraft:iron_pickaxe":151,"minecraft:stone_axe":12,"minecraft:wooden_sword":2,"minecraft:cobblestone":30,"minecraft:furnace":4,"minecraft:cooked_porkchop":3,"minecraft:andesite":11,"minecraft:bucket":1},"minecraft:killed_by":{"minecraft:zombie":2},"minecraft:dropped":{"minecraft:iron_ingot":5},"minecraft:picked_up":{"minecraft:crafting_table":8,"minecraft:feather":2,"minecraft:chicken":2,"minecraft:andesite":13,"minecraft:tuff":1,"minecraft:dirt":16,"minecraft:wheat_seeds":1,"minecraft:cobbled_deepslate":18,"minecraft:spruce_planks":26,"minecraft:iron_ingot":1,"minecraft:furnace":4,"minecraft:stick":1,"minecraft:raw_iron":63,"minecraft:torch":4,"minecraft:porkchop":3,"minecraft:spruce_log":9,"minecraft:rotten_flesh":8,"minecraft:diamond":9,"minecraft:coal":31,"minecraft:snowball":16,"minecraft:cobblestone":54},"minecraft:mined":{"minecraft:tuff":1,"minecraft:deepslate_diamond_ore":9,"minecraft:crafting_table":8,"minecraft:torch":2,"minecraft:grass_block":3,"minecraft:cobblestone":2,"minecraft:spruce_leaves":9,"minecraft:wall_torch":2,"minecraft:large_fern":1,"minecraft:furnace":4,"minecraft:iron_ore":48,"minecraft:ice":1,"minecraft:spruce_log":8,"minecraft:andesite":13,"minecraft:coal_ore":33,"minecraft:deepslate_iron_ore":15,"minecraft:dirt":1,"minecraft:stone":54,"minecraft:deepslate":18},"minecraft:killed":{"minecraft:pig":1,"minecraft:zombie":13,"minecraft:chicken":2},"minecraft:custom":{"minecraft:interact_with_furnace":42,"minecraft:mob_kills":17,"minecraft:interact_with_crafting_table":19,"minecraft:leave_game":1,"minecraft:time_since_death":30415,"minecraft:time_since_rest":30439,"minecraft:sprint_one_cm":77997,"minecraft:damage_taken":882,"minecraft:walk_one_cm":196015,"minecraft:drop":5,"minecraft:damage_dealt":2908,"minecraft:swim_one_cm":2892,"minecraft:fly_one_cm":80316,"minecraft:crouch_one_cm":9146,"minecraft:play_time":37985,"minecraft:deaths":2,"minecraft:sneak_time":2162,"minecraft:walk_under_water_one_cm":2336,"minecraft:jump":607,"minecraft:walk_on_water_one_cm":3667,"minecraft:total_world_time":37985,"minecraft:fall_one_cm":11010},"minecraft:crafted":{"minecraft:wooden_sword":1,"minecraft:cooked_porkchop":3,"minecraft:crafting_table":1,"minecraft:spruce_planks":32,"minecraft:wooden_pickaxe":1,"minecraft:cooked_chicken":2,"minecraft:iron_helmet":1,"minecraft:iron_sword":1,"minecraft:furnace":2,"minecraft:bucket":1,"minecraft:stone_axe":1,"minecraft:air":0,"minecraft:iron_boots":1,"minecraft:iron_chestplate":1,"minecraft:shield":1,"minecraft:stick":24,"minecraft:iron_ingot":37,"minecraft:iron_pickaxe":1,"minecraft:stone_pickaxe":1,"minecraft:stone_sword":1,"minecraft:iron_leggings":1,"minecraft:torch":52}},"DataVersion":3953}