{"stats":{"minecraft:used":{"minecraft:stone_sword":18,"minecraft:chest":5,"minecraft:shield":25,"minecraft:iron_sword":171,"minecraft:wooden_shovel":48,"minecraft:cooked_chicken":2,"minecraft:rotten_flesh":2,"minecraft:torch":96,"minecraft:dirt":2,"minecraft:snowball":16,"minecraft:spruce_boat":1,"minecraft:iron_axe":6,"minecraft:sweet_berries":61,"minecraft:oak_sapling":5,"minecraft:furnace":11,"minecraft:cobbled_deepslate":101,"minecraft:pumpkin":1,"minecraft:wheat_seeds":34,"minecraft:water_bucket":19,"minecraft:stone_pickaxe":44,"minecraft:wooden_pickaxe":4,"minecraft:blue_bed":9,"minecraft:diamond_axe":74,"minecraft:stonecutter":1,"minecraft:crafting_table":12,"minecraft:campfire":2,"minecraft:pumpkin_seeds":2,"minecraft:wooden_hoe":29,"minecraft:iron_pickaxe":393,"minecraft:stone_axe":17,"minecraft:wooden_sword":2,"minecraft:cobblestone":30,"minecraft:cobbled_deepslate_slab":45,"minecraft:cooked_porkchop":19,"minecraft:andesite":13,"minecraft:bucket":19,"minecraft:bone_meal":30},"minecraft:killed_by":{"minecraft:zombie":2},"minecraft:broken":{"minecraft:iron_pickaxe":1},"minecraft:dropped":{"minecraft:iron_ingot":10,"minecraft:iron_pickaxe":1,"minecraft:bucket":1,"minecraft:stone_axe":2,"minecraft:stone_sword":2},"minecraft:picked_up":{"minecraft:crafting_table":11,"minecraft:wheat":11,"minecraft:chicken":2,"minecraft:music_disc_cat":1,"minecraft:string":35,"minecraft:raw_copper":12,"minecraft:cobbled_deepslate":142,"minecraft:spruce_planks":26,"minecraft:poppy":2,"minecraft:iron_pickaxe":1,"minecraft:birch_sapling":13,"minecraft:furnace":7,"minecraft:egg":2,"minecraft:raw_iron":152,"minecraft:stick":8,"minecraft:torch":22,"minecraft:porkchop":3,"minecraft:pointed_dripstone":3,"minecraft:diorite":1,"minecraft:redstone":5,"minecraft:stone_sword":1,"minecraft:rotten_flesh":26,"minecraft:carved_pumpkin":1,"minecraft:snowball":16,"minecraft:cobblestone":87,"minecraft:birch_log":57,"minecraft:feather":2,"minecraft:water_bucket":1,"minecraft:andesite":13,"minecraft:flint":2,"minecraft:tuff":23,"minecraft:oak_log":15,"minecraft:gunpowder":1,"minecraft:dirt":30,"minecraft:blue_bed":9,"minecraft:bone":1,"minecraft:wheat_seeds":35,"minecraft:cobbled_deepslate_slab":1,"minecraft:bell":1,"minecraft:iron_ingot":3,"minecraft:cooked_porkchop":7,"minecraft:pumpkin":1,"minecraft:sweet_berries":38,"minecraft:gravel":7,"minecraft:spruce_log":9,"minecraft:spider_eye":7,"minecraft:pumpkin_seeds":12,"minecraft:diamond":40,"minecraft:stone_axe":1,"minecraft:oak_sapling":5,"minecraft:coal":68},"minecraft:mined":{"minecraft:tuff":26,"minecraft:farmland":1,"minecraft:deepslate_diamond_ore":40,"minecraft:carved_pumpkin":1,"minecraft:cobbled_deepslate_slab":1,"minecraft:grass_block":16,"minecraft:spruce_leaves":9,"minecraft:spawner":2,"minecraft:large_fern":1,"minecraft:furnace":7,"minecraft:iron_ore":53,"minecraft:cobbled_deepslate":6,"minecraft:andesite":13,"minecraft:pumpkin":4,"minecraft:deepslate_iron_ore":73,"minecraft:stone":57,"minecraft:deepslate_redstone_ore":1,"minecraft:crafting_table":11,"minecraft:torch":2,"minecraft:short_grass":23,"minecraft:poppy":2,"minecraft:cobblestone":2,"minecraft:wall_torch":19,"minecraft:blue_bed":7,"minecraft:birch_log":57,"minecraft:wheat":15,"minecraft:ice":1,"minecraft:spruce_log":8,"minecraft:birch_leaves":2,"minecraft:coal_ore":33,"minecraft:oak_log":15,"minecraft:gravel":5,"minecraft:dirt":1,"minecraft:cobweb":27,"minecraft:oak_leaves":2,"minecraft:deepslate":125},"minecraft:killed":{"minecraft:cave_spider":8,"minecraft:spider":4,"minecraft:skeleton":1,"minecraft:chicken":2,"minecraft:pig":1,"minecraft:zombie_villager":1,"minecraft:creeper":1,"minecraft:zombie":28},"minecraft:custom":{"minecraft:mob_kills":50,"minecraft:interact_with_crafting_table":40,"minecraft:bell_ring":69,"minecraft:leave_game":2,"minecraft:time_since_death":161585,"minecraft:sprint_one_cm":555315,"minecraft:walk_one_cm":794099,"minecraft:damage_blocked_by_shield":610,"minecraft:drop":16,"minecraft:play_time":169155,"minecraft:deaths":2,"minecraft:sneak_time":6636,"minecraft:walk_under_water_one_cm":8208,"minecraft:boat_one_cm":58963,"minecraft:jump":3072,"minecraft:walk_on_water_one_cm":23156,"minecraft:total_world_time":169155,"minecraft:interact_with_furnace":95,"minecraft:interact_with_stonecutter":2,"minecraft:sleep_in_bed":13,"minecraft:time_since_rest":423,"minecraft:damage_taken":1789,"minecraft:damage_dealt":8139,"minecraft:swim_one_cm":28106,"minecraft:fly_one_cm":476205,"minecraft:open_chest":44,"minecraft:crouch_one_cm":22101,"minecraft:fall_one_cm":63286},"minecraft:crafted":{"minecraft:wooden_sword":1,"minecraft:cobbled_deepslate_slab":44,"minecraft:cooked_chicken":2,"minecraft:furnace":4,"minecraft:stone":8,"minecraft:bone_meal":30,"minecraft:iron_boots":1,"minecraft:iron_axe":1,"minecraft:stone_pickaxe":1,"minecraft:chest":5,"minecraft:spruce_boat":1,"minecraft:wooden_shovel":1,"minecraft:cooked_porkchop":17,"minecraft:diamond_axe":1,"minecraft:crafting_table":1,"minecraft:spruce_planks":32,"minecraft:iron_helmet":1,"minecraft:wooden_pickaxe":1,"minecraft:iron_sword":2,"minecraft:bucket":1,"minecraft:birch_planks":56,"minecraft:campfire":2,"minecraft:stone_axe":1,"minecraft:air":0,"minecraft:iron_chestplate":1,"minecraft:wooden_hoe":1,"minecraft:shield":1,"minecraft:stick":56,"minecraft:iron_ingot":85,"minecraft:iron_pickaxe":3,"minecraft:stone_sword":1,"minecraft:iron_leggings":1,"minecraft:stonecutter":1,"minecraft:torch":76}},"DataVersion":3953}