{"stats":{"minecraft:broken":{"minecraft:iron_pickaxe":1},"minecraft:dropped":{"minecraft:iron_ingot":10,"minecraft:iron_sword":1,"minecraft:birch_planks":13,"minecraft:stick":4,"minecraft:dirt":13,"minecraft:wooden_hoe":1,"minecraft:torch":1,"minecraft:iron_pickaxe":1,"minecraft:birch_log":35,"minecraft:bucket":1,"minecraft:stone_axe":2,"minecraft:stone_sword":2,"minecraft:raw_copper":5,"minecraft:cobblestone_slab":2,"minecraft:ladder":17,"minecraft:spruce_slab":2},"minecraft:killed_by":{"minecraft:zombie":2},"minecraft:custom":{"minecraft:mob_kills":74,"minecraft:interact_with_crafting_table":59,"minecraft:bell_ring":69,"minecraft:leave_game":4,"minecraft:time_since_death":290219,"minecraft:climb_one_cm":8090,"minecraft:sprint_one_cm":1101949,"minecraft:walk_one_cm":1292785,"minecraft:damage_blocked_by_shield":1420,"minecraft:drop":30,"minecraft:talked_to_villager":1,"minecraft:play_time":297789,"minecraft:sneak_time":28436,"minecraft:deaths":2,"minecraft:walk_under_water_one_cm":9071,"minecraft:boat_one_cm":58963,"minecraft:jump":4920,"minecraft:walk_on_water_one_cm":25729,"minecraft:total_world_time":297789,"minecraft:interact_with_furnace":121,"minecraft:interact_with_stonecutter":5,"minecraft:sleep_in_bed":22,"minecraft:time_since_rest":13031,"minecraft:damage_taken":2506,"minecraft:damage_dealt":12230,"minecraft:swim_one_cm":32415,"minecraft:fly_one_cm":749946,"minecraft:open_chest":128,"minecraft:crouch_one_cm":116164,"minecraft:fall_one_cm":101668},"minecraft:used":{"minecraft:stone_sword":18,"minecraft:iron_shovel":172,"minecraft:spruce_slab":60,"minecraft:ladder":17,"minecraft:chest":12,"minecraft:shield":45,"minecraft:stone":41,"minecraft:iron_sword":234,"minecraft:wooden_shovel":48,"minecraft:bell":1,"minecraft:cooked_chicken":2,"minecraft:rotten_flesh":2,"minecraft:torch":325,"minecraft:dirt":91,"minecraft:spruce_fence":28,"minecraft:snowball":16,"minecraft:spruce_boat":1,"minecraft:stone_brick_slab":35,"minecraft:iron_axe":6,"minecraft:sweet_berries":61,"minecraft:oak_sapling":5,"minecraft:furnace":13,"minecraft:cobbled_deepslate":101,"minecraft:pumpkin":1,"minecraft:wheat_seeds":75,"minecraft:cooked_mutton":2,"minecraft:water_bucket":19,"minecraft:stone_pickaxe":44,"minecraft:oak_planks":2,"minecraft:wooden_pickaxe":4,"minecraft:cobblestone_slab":153,"minecraft:stonecutter":1,"minecraft:blue_bed":10,"minecraft:diamond_axe":158,"minecraft:crafting_table":14,"minecraft:campfire":2,"minecraft:pumpkin_seeds":2,"minecraft:wooden_hoe":32,"minecraft:diamond_pickaxe":526,"minecraft:bread":10,"minecraft:iron_pickaxe":438,"minecraft:stone_axe":17,"minecraft:wooden_sword":2,"minecraft:cobblestone":205,"minecraft:cobbled_deepslate_slab":348,"minecraft:cooked_porkchop":28,"minecraft:andesite":13,"minecraft:bucket":19,"minecraft:birch_log":10,"minecraft:bone_meal":30},"minecraft:mined":{"minecraft:tuff":26,"minecraft:farmland":1,"minecraft:deepslate_diamond_ore":40,"minecraft:carved_pumpkin":1,"minecraft:ladder":1,"minecraft:granite":5,"minecraft:cobbled_deepslate_slab":118,"minecraft:grass_block":154,"minecraft:spruce_fence":5,"minecraft:spruce_leaves":9,"minecraft:spawner":2,"minecraft:large_fern":1,"minecraft:furnace":7,"minecraft:iron_ore":61,"minecraft:cobbled_deepslate":6,"minecraft:andesite":15,"minecraft:pumpkin":4,"minecraft:deepslate_iron_ore":73,"minecraft:cobblestone_slab":10,"minecraft:stone":253,"minecraft:spruce_slab":19,"minecraft:deepslate_redstone_ore":1,"minecraft:stone_brick_slab":3,"minecraft:dandelion":2,"minecraft:crafting_table":11,"minecraft:torch":4,"minecraft:short_grass":39,"minecraft:poppy":2,"minecraft:chest":1,"minecraft:cobblestone":64,"minecraft:lapis_ore":2,"minecraft:diorite":1,"minecraft:blue_bed":7,"minecraft:wall_torch":22,"minecraft:birch_log":100,"minecraft:wheat":53,"minecraft:ice":1,"minecraft:spruce_log":8,"minecraft:birch_leaves":45,"minecraft:bee_nest":1,"minecraft:oak_log":15,"minecraft:coal_ore":198,"minecraft:gravel":5,"minecraft:dirt":79,"minecraft:cobweb":27,"minecraft:oak_leaves":2,"minecraft:deepslate":125},"minecraft:crafted":{"minecraft:wooden_sword":1,"minecraft:cobbled_deepslate_slab":44,"minecraft:oak_planks":60,"minecraft:cobblestone_slab":54,"minecraft:cooked_chicken":2,"minecraft:furnace":6,"minecraft:cobblestone_stairs":8,"minecraft:stone":72,"minecraft:bone_meal":30,"minecraft:spruce_fence":96,"minecraft:stone_stairs":4,"minecraft:iron_boots":1,"minecraft:iron_axe":1,"minecraft:ladder":30,"minecraft:spruce_slab":24,"minecraft:stone_pickaxe":1,"minecraft:chest":11,"minecraft:spruce_boat":1,"minecraft:stone_bricks":20,"minecraft:wooden_shovel":1,"minecraft:cooked_porkchop":17,"minecraft:diamond_axe":1,"minecraft:crafting_table":3,"minecraft:spruce_planks":288,"minecraft:iron_helmet":1,"minecraft:wooden_pickaxe":1,"minecraft:iron_sword":2,"minecraft:bucket":1,"minecraft:birch_planks":148,"minecraft:campfire":2,"minecraft:stone_axe":1,"minecraft:bread":9,"minecraft:air":0,"minecraft:wooden_hoe":2,"minecraft:iron_chestplate":1,"minecraft:diamond_pickaxe":1,"minecraft:shield":1,"minecraft:stick":243,"minecraft:iron_ingot":85,"minecraft:iron_pickaxe":3,"minecraft:stone_sword":1,"minecraft:iron_shovel":1,"minecraft:iron_leggings":1,"minecraft:stonecutter":1,"minecraft:torch":376},"minecraft:killed":{"minecraft:cave_spider":8,"minecraft:spider":7,"minecraft:skeleton":10,"minecraft:chicken":2,"minecraft:pig":1,"minecraft:zombie_villager":1,"minecraft:creeper":1,"minecraft:pillager":2,"minecraft:zombie":36},"minecraft:picked_up":{"minecraft:crafting_table":11,"minecraft:wheat":39,"minecraft:ominous_bottle":1,"minecraft:chicken":2,"minecraft:ladder":20,"minecraft:lead":1,"minecraft:enchanted_book":2,"minecraft:music_disc_cat":2,"minecraft:string":37,"minecraft:raw_copper":22,"minecraft:cobbled_deepslate":142,"minecraft:spruce_planks":88,"minecraft:cobblestone_slab":11,"minecraft:poppy":2,"minecraft:iron_pickaxe":1,"minecraft:spruce_slab":20,"minecraft:chest":2,"minecraft:birch_sapling":25,"minecraft:furnace":7,"minecraft:egg":2,"minecraft:stick":24,"minecraft:raw_iron":160,"minecraft:copper_ingot":27,"minecraft:torch":43,"minecraft:spruce_fence":5,"minecraft:porkchop":3,"minecraft:pointed_dripstone":3,"minecraft:diorite":1,"minecraft:redstone":10,"minecraft:stone_sword":1,"minecraft:arrow":14,"minecraft:rotten_flesh":47,"minecraft:carved_pumpkin":1,"minecraft:snowball":16,"minecraft:white_wool":37,"minecraft:cobblestone":347,"minecraft:birch_log":138,"minecraft:feather":2,"minecraft:water_bucket":2,"minecraft:andesite":15,"minecraft:birch_planks":12,"minecraft:flint":2,"minecraft:tuff":23,"minecraft:oak_log":15,"minecraft:gunpowder":1,"minecraft:lapis_lazuli":17,"minecraft:wooden_hoe":2,"minecraft:dirt":268,"minecraft:blue_bed":10,"minecraft:white_banner":2,"minecraft:bone":18,"minecraft:wheat_seeds":130,"minecraft:cobbled_deepslate_slab":137,"minecraft:bell":1,"minecraft:iron_ingot":3,"minecraft:diamond_helmet":1,"minecraft:iron_sword":1,"minecraft:cooked_porkchop":7,"minecraft:pumpkin":1,"minecraft:sweet_berries":38,"minecraft:stone_brick_slab":4,"minecraft:dandelion":3,"minecraft:gravel":7,"minecraft:spruce_log":9,"minecraft:spider_eye":14,"minecraft:pumpkin_seeds":12,"minecraft:diamond":40,"minecraft:stone_axe":1,"minecraft:granite":5,"minecraft:emerald":4,"minecraft:oak_sapling":5,"minecraft:coal":233}},"DataVersion":3953}