{"stats":{"minecraft:used":{"minecraft:stone_sword":18,"minecraft:iron_shovel":206,"minecraft:spruce_slab":112,"minecraft:ladder":25,"minecraft:chest":14,"minecraft:shield":77,"minecraft:iron_sword":270,"minecraft:stone":41,"minecraft:wooden_shovel":48,"minecraft:bell":1,"minecraft:cooked_chicken":2,"minecraft:rotten_flesh":2,"minecraft:stone_hoe":153,"minecraft:torch":429,"minecraft:dirt":352,"minecraft:cobblestone_wall":12,"minecraft:snowball":16,"minecraft:spruce_fence":126,"minecraft:spruce_boat":1,"minecraft:stone_brick_slab":44,"minecraft:iron_axe":6,"minecraft:item_frame":3,"minecraft:sweet_berries":61,"minecraft:oak_sapling":5,"minecraft:furnace":13,"minecraft:cooked_beef":4,"minecraft:cobbled_deepslate":124,"minecraft:pumpkin":1,"minecraft:deepslate_brick_wall":11,"minecraft:wheat_seeds":525,"minecraft:cooked_mutton":11,"minecraft:water_bucket":31,"minecraft:birch_planks":3,"minecraft:oak_planks":2,"minecraft:sugar_cane":9,"minecraft:stone_pickaxe":44,"minecraft:wooden_pickaxe":4,"minecraft:blue_bed":10,"minecraft:diamond_axe":261,"minecraft:cobblestone_slab":313,"minecraft:stonecutter":1,"minecraft:crafting_table":17,"minecraft:campfire":2,"minecraft:painting":1,"minecraft:pumpkin_seeds":2,"minecraft:wooden_hoe":117,"minecraft:diamond_pickaxe":809,"minecraft:diamond_shovel":338,"minecraft:iron_pickaxe":452,"minecraft:bread":45,"minecraft:spruce_trapdoor":15,"minecraft:stone_axe":17,"minecraft:wooden_sword":2,"minecraft:cobblestone":245,"minecraft:cobbled_deepslate_slab":398,"minecraft:andesite":13,"minecraft:bucket":31,"minecraft:cooked_porkchop":28,"minecraft:birch_log":10,"minecraft:bone_meal":105},"minecraft:killed":{"minecraft:cave_spider":8,"minecraft:spider":7,"minecraft:skeleton":22,"minecraft:chicken":2,"minecraft:pig":1,"minecraft:zombie_villager":1,"minecraft:creeper":1,"minecraft:pillager":2,"minecraft:zombie":44,"minecraft:cow":16},"minecraft:broken":{"minecraft:stone_hoe":1,"minecraft:shield":1,"minecraft:iron_pickaxe":1,"minecraft:wooden_hoe":1},"minecraft:picked_up":{"minecraft:iron_chestplate":1,"minecraft:crafting_table":13,"minecraft:wheat":252,"minecraft:ominous_bottle":1,"minecraft:chicken":2,"minecraft:ladder":43,"minecraft:lead":1,"minecraft:enchanted_book":3,"minecraft:golden_shovel":2,"minecraft:shield":1,"minecraft:music_disc_cat":2,"minecraft:string":37,"minecraft:raw_copper":24,"minecraft:iron_leggings":1,"minecraft:item_frame":2,"minecraft:iron_shovel":1,"minecraft:cobbled_deepslate":283,"minecraft:spruce_planks":154,"minecraft:beef":28,"minecraft:cobblestone_slab":68,"minecraft:poppy":2,"minecraft:iron_pickaxe":3,"minecraft:spruce_slab":46,"minecraft:sugar_cane":38,"minecraft:chest":3,"minecraft:birch_sapling":26,"minecraft:spruce_trapdoor":10,"minecraft:furnace":7,"minecraft:iron_boots":1,"minecraft:egg":4,"minecraft:stick":35,"minecraft:raw_iron":160,"minecraft:stone":2,"minecraft:deepslate_brick_wall":1,"minecraft:copper_ingot":27,"minecraft:torch":146,"minecraft:spruce_fence":56,"minecraft:porkchop":3,"minecraft:pointed_dripstone":3,"minecraft:diorite":1,"minecraft:redstone":10,"minecraft:stone_sword":1,"minecraft:arrow":26,"minecraft:rotten_flesh":66,"minecraft:carved_pumpkin":1,"minecraft:snowball":16,"minecraft:white_wool":37,"minecraft:cobblestone":485,"minecraft:birch_log":167,"minecraft:feather":2,"minecraft:cooked_beef":4,"minecraft:water_bucket":4,"minecraft:andesite":15,"minecraft:leather":14,"minecraft:filled_map":3,"minecraft:birch_planks":51,"minecraft:flint":2,"minecraft:tuff":23,"minecraft:oak_log":36,"minecraft:cobblestone_wall":7,"minecraft:gunpowder":1,"minecraft:map":2,"minecraft:lapis_lazuli":43,"minecraft:wooden_hoe":3,"minecraft:blue_bed":10,"minecraft:dirt":698,"minecraft:white_banner":2,"minecraft:cooked_mutton":12,"minecraft:bone":41,"minecraft:apple":2,"minecraft:bow":1,"minecraft:wheat_seeds":801,"minecraft:cobbled_deepslate_slab":198,"minecraft:bell":1,"minecraft:iron_ingot":3,"minecraft:diamond_helmet":1,"minecraft:iron_sword":3,"minecraft:oak_planks":32,"minecraft:cooked_porkchop":7,"minecraft:pumpkin":1,"minecraft:sweet_berries":41,"minecraft:stone_brick_slab":8,"minecraft:dandelion":6,"minecraft:gravel":7,"minecraft:spruce_log":9,"minecraft:spider_eye":14,"minecraft:pumpkin_seeds":12,"minecraft:diamond":42,"minecraft:stone_axe":1,"minecraft:iron_helmet":2,"minecraft:granite":10,"minecraft:diamond_axe":1,"minecraft:painting":1,"minecraft:emerald":8,"minecraft:bread":3,"minecraft:oak_sapling":21,"minecraft:coal":233,"minecraft:diamond_pickaxe":1},"minecraft:killed_by":{"minecraft:zombie":2},"minecraft:dropped":{"minecraft:iron_ingot":10,"minecraft:bread":3,"minecraft:iron_sword":1,"minecraft:birch_planks":13,"minecraft:iron_helmet":1,"minecraft:stick":4,"minecraft:dirt":13,"minecraft:wooden_hoe":1,"minecraft:torch":1,"minecraft:iron_pickaxe":1,"minecraft:birch_log":35,"minecraft:bucket":1,"minecraft:dandelion":2,"minecraft:stone_axe":2,"minecraft:stone_sword":2,"minecraft:raw_copper":5,"minecraft:birch_sapling":1,"minecraft:cobblestone_slab":2,"minecraft:oak_sapling":8,"minecraft:ladder":17,"minecraft:spruce_slab":2},"minecraft:mined":{"minecraft:tuff":26,"minecraft:farmland":1,"minecraft:deepslate_diamond_ore":42,"minecraft:carved_pumpkin":1,"minecraft:spruce_trapdoor":10,"minecraft:ladder":2,"minecraft:granite":5,"minecraft:cobbled_deepslate_slab":130,"minecraft:spruce_fence":13,"minecraft:grass_block":396,"minecraft:spruce_leaves":9,"minecraft:spawner":2,"minecraft:large_fern":1,"minecraft:furnace":7,"minecraft:iron_ore":61,"minecraft:cobbled_deepslate":13,"minecraft:andesite":15,"minecraft:pumpkin":4,"minecraft:deepslate_lapis_ore":4,"minecraft:deepslate_iron_ore":73,"minecraft:cobblestone_slab":46,"minecraft:stone":253,"minecraft:spruce_slab":26,"minecraft:deepslate_redstone_ore":1,"minecraft:deepslate_brick_wall":2,"minecraft:stone_brick_slab":3,"minecraft:dandelion":5,"minecraft:crafting_table":13,"minecraft:torch":11,"minecraft:short_grass":113,"minecraft:poppy":2,"minecraft:chest":1,"minecraft:tall_grass":3,"minecraft:cobblestone":157,"minecraft:lapis_ore":2,"minecraft:sugar_cane":32,"minecraft:blue_bed":7,"minecraft:wall_torch":22,"minecraft:diorite":1,"minecraft:birch_planks":3,"minecraft:cobblestone_wall":7,"minecraft:birch_log":105,"minecraft:wheat":352,"minecraft:sweet_berry_bush":1,"minecraft:ice":1,"minecraft:spruce_log":8,"minecraft:birch_leaves":62,"minecraft:bee_nest":1,"minecraft:coal_ore":198,"minecraft:oak_log":36,"minecraft:gravel":5,"minecraft:dirt":228,"minecraft:cobweb":27,"minecraft:oak_leaves":147,"minecraft:deepslate":259},"minecraft:crafted":{"minecraft:wooden_sword":1,"minecraft:cobbled_deepslate_slab":44,"minecraft:oak_planks":60,"minecraft:cobblestone_slab":216,"minecraft:cooked_chicken":2,"minecraft:birch_slab":30,"minecraft:furnace":6,"minecraft:cobblestone_stairs":8,"minecraft:stone":72,"minecraft:bone_meal":129,"minecraft:diamond_shovel":1,"minecraft:spruce_fence":123,"minecraft:bookshelf":4,"minecraft:stone_stairs":4,"minecraft:deepslate_brick_wall":14,"minecraft:iron_boots":1,"minecraft:iron_axe":1,"minecraft:ladder":30,"minecraft:spruce_slab":84,"minecraft:stone_pickaxe":1,"minecraft:cobblestone_wall":12,"minecraft:chest":13,"minecraft:spruce_boat":1,"minecraft:stone_hoe":2,"minecraft:stone_bricks":20,"minecraft:item_frame":1,"minecraft:wooden_shovel":1,"minecraft:cooked_porkchop":17,"minecraft:diamond_axe":1,"minecraft:crafting_table":5,"minecraft:spruce_planks":392,"minecraft:iron_helmet":1,"minecraft:wooden_pickaxe":1,"minecraft:deepslate_brick_slab":36,"minecraft:iron_sword":2,"minecraft:bucket":1,"minecraft:birch_planks":268,"minecraft:campfire":2,"minecraft:stone_axe":1,"minecraft:painting":1,"minecraft:bread":50,"minecraft:air":0,"minecraft:spruce_trapdoor":12,"minecraft:book":14,"minecraft:iron_chestplate":1,"minecraft:wooden_hoe":2,"minecraft:paper":51,"minecraft:diamond_pickaxe":1,"minecraft:shield":2,"minecraft:stick":323,"minecraft:iron_ingot":85,"minecraft:iron_pickaxe":3,"minecraft:stone_sword":1,"minecraft:iron_shovel":1,"minecraft:iron_leggings":1,"minecraft:stonecutter":1,"minecraft:torch":408},"minecraft:custom":{"minecraft:mob_kills":111,"minecraft:animals_bred":26,"minecraft:interact_with_crafting_table":108,"minecraft:bell_ring":83,"minecraft:leave_game":9,"minecraft:time_since_death":192580,"minecraft:climb_one_cm":11565,"minecraft:sprint_one_cm":2139604,"minecraft:walk_one_cm":2002996,"minecraft:damage_blocked_by_shield":2550,"minecraft:drop":38,"minecraft:talked_to_villager":1,"minecraft:play_time":506261,"minecraft:sneak_time":40973,"minecraft:deaths":3,"minecraft:walk_under_water_one_cm":11536,"minecraft:boat_one_cm":58963,"minecraft:jump":8055,"minecraft:walk_on_water_one_cm":28354,"minecraft:total_world_time":506261,"minecraft:interact_with_furnace":143,"minecraft:interact_with_cartography_table":4,"minecraft:interact_with_stonecutter":9,"minecraft:sleep_in_bed":35,"minecraft:time_since_rest":14465,"minecraft:damage_taken":3531,"minecraft:damage_dealt":17224,"minecraft:swim_one_cm":35771,"minecraft:fly_one_cm":1414112,"minecraft:open_chest":355,"minecraft:crouch_one_cm":177441,"minecraft:fall_one_cm":170984}},"DataVersion":3953}