{"stats":{"minecraft:used":{"minecraft:water_bucket":5,"minecraft:stone_sword":18,"minecraft:stone_pickaxe":43,"minecraft:wooden_pickaxe":4,"minecraft:shield":3,"minecraft:iron_sword":62,"minecraft:blue_bed":1,"minecraft:cooked_chicken":2,"minecraft:rotten_flesh":2,"minecraft:torch":56,"minecraft:crafting_table":9,"minecraft:snowball":16,"minecraft:iron_pickaxe":274,"minecraft:stone_axe":16,"minecraft:wooden_sword":2,"minecraft:cobblestone":30,"minecraft:sweet_berries":25,"minecraft:furnace":8,"minecraft:cooked_porkchop":3,"minecraft:bucket":6,"minecraft:andesite":12,"minecraft:cobbled_deepslate":8},"minecraft:killed_by":{"minecraft:zombie":2},"minecraft:broken":{"minecraft:iron_pickaxe":1},"minecraft:dropped":{"minecraft:iron_ingot":5},"minecraft:picked_up":{"minecraft:crafting_table":9,"minecraft:feather":2,"minecraft:chicken":2,"minecraft:andesite":13,"minecraft:tuff":20,"minecraft:blue_bed":2,"minecraft:dirt":16,"minecraft:wheat_seeds":1,"minecraft:cobbled_deepslate":57,"minecraft:spruce_planks":26,"minecraft:iron_ingot":3,"minecraft:furnace":6,"minecraft:stick":1,"minecraft:raw_iron":140,"minecraft:sweet_berries":38,"minecraft:torch":4,"minecraft:porkchop":3,"minecraft:spruce_log":9,"minecraft:spider_eye":1,"minecraft:rotten_flesh":14,"minecraft:diamond":21,"minecraft:coal":39,"minecraft:snowball":16,"minecraft:cobblestone":54},"minecraft:mined":{"minecraft:tuff":23,"minecraft:deepslate_diamond_ore":21,"minecraft:crafting_table":9,"minecraft:torch":2,"minecraft:grass_block":3,"minecraft:cobblestone":2,"minecraft:spruce_leaves":9,"minecraft:blue_bed":1,"minecraft:wall_torch":2,"minecraft:large_fern":1,"minecraft:furnace":6,"minecraft:iron_ore":48,"minecraft:ice":1,"minecraft:spruce_log":8,"minecraft:andesite":13,"minecraft:coal_ore":33,"minecraft:deepslate_iron_ore":62,"minecraft:dirt":1,"minecraft:stone":54,"minecraft:deepslate":58},"minecraft:killed":{"minecraft:pig":1,"minecraft:spider":1,"minecraft:zombie":18,"minecraft:chicken":2},"minecraft:custom":{"minecraft:interact_with_furnace":57,"minecraft:mob_kills":24,"minecraft:interact_with_crafting_table":21,"minecraft:leave_game":2,"minecraft:time_since_death":53585,"minecraft:sleep_in_bed":2,"minecraft:time_since_rest":11062,"minecraft:sprint_one_cm":146843,"minecraft:damage_taken":1072,"minecraft:walk_one_cm":339469,"minecraft:damage_blocked_by_shield":42,"minecraft:drop":5,"minecraft:damage_dealt":4204,"minecraft:swim_one_cm":2892,"minecraft:fly_one_cm":132100,"minecraft:crouch_one_cm":13653,"minecraft:play_time":61155,"minecraft:deaths":2,"minecraft:sneak_time":3427,"minecraft:walk_under_water_one_cm":2336,"minecraft:jump":1062,"minecraft:walk_on_water_one_cm":4170,"minecraft:total_world_time":61155,"minecraft:fall_one_cm":20655},"minecraft:crafted":{"minecraft:wooden_sword":1,"minecraft:cooked_porkchop":3,"minecraft:crafting_table":1,"minecraft:spruce_planks":32,"minecraft:wooden_pickaxe":1,"minecraft:iron_helmet":1,"minecraft:cooked_chicken":2,"minecraft:iron_sword":1,"minecraft:furnace":2,"minecraft:bucket":1,"minecraft:stone_axe":1,"minecraft:air":0,"minecraft:iron_boots":1,"minecraft:iron_chestplate":1,"minecraft:shield":1,"minecraft:stick":32,"minecraft:iron_ingot":61,"minecraft:iron_pickaxe":2,"minecraft:stone_pickaxe":1,"minecraft:stone_sword":1,"minecraft:iron_leggings":1,"minecraft:torch":52}},"DataVersion":3953}