{"stats":{"minecraft:used":{"minecraft:water_bucket":14,"minecraft:stone_sword":18,"minecraft:stone_pickaxe":44,"minecraft:wooden_pickaxe":4,"minecraft:shield":7,"minecraft:iron_sword":89,"minecraft:blue_bed":3,"minecraft:cooked_chicken":2,"minecraft:rotten_flesh":2,"minecraft:torch":76,"minecraft:crafting_table":9,"minecraft:snowball":16,"minecraft:iron_pickaxe":310,"minecraft:stone_axe":17,"minecraft:wooden_sword":2,"minecraft:cobblestone":30,"minecraft:sweet_berries":38,"minecraft:furnace":8,"minecraft:cooked_porkchop":5,"minecraft:bucket":15,"minecraft:andesite":12,"minecraft:cobbled_deepslate":76},"minecraft:killed_by":{"minecraft:zombie":2},"minecraft:broken":{"minecraft:iron_pickaxe":1},"minecraft:dropped":{"minecraft:iron_ingot":5},"minecraft:picked_up":{"minecraft:crafting_table":10,"minecraft:feather":2,"minecraft:chicken":2,"minecraft:andesite":13,"minecraft:tuff":21,"minecraft:string":1,"minecraft:blue_bed":4,"minecraft:dirt":16,"minecraft:wheat_seeds":1,"minecraft:cobbled_deepslate":83,"minecraft:spruce_planks":26,"minecraft:iron_ingot":3,"minecraft:furnace":6,"minecraft:stick":1,"minecraft:raw_iron":140,"minecraft:sweet_berries":38,"minecraft:torch":4,"minecraft:gravel":1,"minecraft:porkchop":3,"minecraft:spruce_log":9,"minecraft:redstone":5,"minecraft:spider_eye":1,"minecraft:rotten_flesh":19,"minecraft:diamond":36,"minecraft:coal":39,"minecraft:snowball":16,"minecraft:cobblestone":54},"minecraft:mined":{"minecraft:deepslate_redstone_ore":1,"minecraft:tuff":24,"minecraft:deepslate_diamond_ore":36,"minecraft:crafting_table":10,"minecraft:torch":2,"minecraft:grass_block":3,"minecraft:cobblestone":2,"minecraft:spruce_leaves":9,"minecraft:blue_bed":3,"minecraft:wall_torch":2,"minecraft:large_fern":1,"minecraft:furnace":6,"minecraft:iron_ore":48,"minecraft:cobbled_deepslate":6,"minecraft:ice":1,"minecraft:spruce_log":8,"minecraft:andesite":13,"minecraft:coal_ore":33,"minecraft:deepslate_iron_ore":64,"minecraft:gravel":1,"minecraft:dirt":1,"minecraft:stone":54,"minecraft:deepslate":69},"minecraft:killed":{"minecraft:pig":1,"minecraft:zombie_villager":1,"minecraft:spider":2,"minecraft:zombie":23,"minecraft:chicken":2},"minecraft:custom":{"minecraft:interact_with_furnace":74,"minecraft:mob_kills":31,"minecraft:interact_with_crafting_table":21,"minecraft:leave_game":2,"minecraft:time_since_death":77585,"minecraft:sleep_in_bed":6,"minecraft:time_since_rest":4072,"minecraft:sprint_one_cm":215974,"minecraft:damage_taken":1194,"minecraft:walk_one_cm":456399,"minecraft:damage_blocked_by_shield":262,"minecraft:drop":5,"minecraft:damage_dealt":5464,"minecraft:swim_one_cm":2892,"minecraft:fly_one_cm":183728,"minecraft:crouch_one_cm":20292,"minecraft:play_time":85155,"minecraft:deaths":2,"minecraft:sneak_time":5688,"minecraft:walk_under_water_one_cm":2981,"minecraft:jump":1534,"minecraft:walk_on_water_one_cm":9430,"minecraft:total_world_time":85155,"minecraft:fall_one_cm":30265},"minecraft:crafted":{"minecraft:wooden_sword":1,"minecraft:cooked_porkchop":5,"minecraft:crafting_table":1,"minecraft:spruce_planks":32,"minecraft:wooden_pickaxe":1,"minecraft:iron_helmet":1,"minecraft:cooked_chicken":2,"minecraft:iron_sword":1,"minecraft:furnace":2,"minecraft:bucket":1,"minecraft:stone_axe":1,"minecraft:air":0,"minecraft:iron_boots":1,"minecraft:iron_chestplate":1,"minecraft:shield":1,"minecraft:stick":32,"minecraft:iron_ingot":61,"minecraft:iron_pickaxe":2,"minecraft:stone_pickaxe":1,"minecraft:stone_sword":1,"minecraft:iron_leggings":1,"minecraft:torch":76}},"DataVersion":3953}