{"stats":{"minecraft:picked_up":{"minecraft:crafting_table":11,"minecraft:wheat":26,"minecraft:ominous_bottle":1,"minecraft:chicken":2,"minecraft:ladder":1,"minecraft:lead":1,"minecraft:music_disc_cat":1,"minecraft:string":37,"minecraft:raw_copper":12,"minecraft:cobbled_deepslate":142,"minecraft:spruce_planks":26,"minecraft:cobblestone_slab":5,"minecraft:poppy":2,"minecraft:iron_pickaxe":1,"minecraft:spruce_slab":20,"minecraft:chest":1,"minecraft:birch_sapling":25,"minecraft:egg":2,"minecraft:furnace":7,"minecraft:stick":24,"minecraft:raw_iron":160,"minecraft:torch":23,"minecraft:spruce_fence":5,"minecraft:porkchop":3,"minecraft:pointed_dripstone":3,"minecraft:diorite":1,"minecraft:redstone":5,"minecraft:stone_sword":1,"minecraft:arrow":2,"minecraft:rotten_flesh":32,"minecraft:carved_pumpkin":1,"minecraft:snowball":16,"minecraft:cobblestone":295,"minecraft:birch_log":132,"minecraft:feather":2,"minecraft:water_bucket":1,"minecraft:andesite":13,"minecraft:birch_planks":12,"minecraft:flint":2,"minecraft:tuff":23,"minecraft:oak_log":15,"minecraft:gunpowder":1,"minecraft:lapis_lazuli":17,"minecraft:blue_bed":9,"minecraft:dirt":219,"minecraft:white_banner":1,"minecraft:bone":9,"minecraft:wheat_seeds":88,"minecraft:cobbled_deepslate_slab":75,"minecraft:bell":1,"minecraft:iron_ingot":3,"minecraft:cooked_porkchop":7,"minecraft:pumpkin":1,"minecraft:sweet_berries":38,"minecraft:dandelion":3,"minecraft:gravel":7,"minecraft:spruce_log":9,"minecraft:spider_eye":7,"minecraft:pumpkin_seeds":12,"minecraft:diamond":40,"minecraft:stone_axe":1,"minecraft:oak_sapling":5,"minecraft:coal":165},"minecraft:dropped":{"minecraft:iron_ingot":10,"minecraft:birch_planks":13,"minecraft:stick":4,"minecraft:torch":1,"minecraft:iron_pickaxe":1,"minecraft:birch_log":32,"minecraft:bucket":1,"minecraft:stone_axe":2,"minecraft:stone_sword":2,"minecraft:cobblestone_slab":2,"minecraft:spruce_slab":2},"minecraft:killed":{"minecraft:cave_spider":8,"minecraft:spider":7,"minecraft:skeleton":3,"minecraft:chicken":2,"minecraft:pig":1,"minecraft:zombie_villager":1,"minecraft:creeper":1,"minecraft:pillager":2,"minecraft:zombie":32},"minecraft:broken":{"minecraft:iron_pickaxe":1},"minecraft:custom":{"minecraft:mob_kills":63,"minecraft:interact_with_crafting_table":57,"minecraft:bell_ring":69,"minecraft:leave_game":3,"minecraft:time_since_death":246899,"minecraft:climb_one_cm":1957,"minecraft:sprint_one_cm":945376,"minecraft:walk_one_cm":1105197,"minecraft:damage_blocked_by_shield":930,"minecraft:drop":23,"minecraft:talked_to_villager":1,"minecraft:play_time":254469,"minecraft:deaths":2,"minecraft:sneak_time":22251,"minecraft:walk_under_water_one_cm":8208,"minecraft:boat_one_cm":58963,"minecraft:jump":4069,"minecraft:walk_on_water_one_cm":23889,"minecraft:total_world_time":254469,"minecraft:interact_with_furnace":112,"minecraft:interact_with_stonecutter":4,"minecraft:sleep_in_bed":20,"minecraft:time_since_rest":6875,"minecraft:damage_taken":2163,"minecraft:damage_dealt":10330,"minecraft:swim_one_cm":28106,"minecraft:fly_one_cm":646408,"minecraft:open_chest":94,"minecraft:crouch_one_cm":87484,"minecraft:fall_one_cm":84319},"minecraft:killed_by":{"minecraft:zombie":2},"minecraft:crafted":{"minecraft:wooden_sword":1,"minecraft:cobbled_deepslate_slab":44,"minecraft:oak_planks":60,"minecraft:cooked_chicken":2,"minecraft:furnace":6,"minecraft:cobblestone_stairs":8,"minecraft:stone":58,"minecraft:bone_meal":30,"minecraft:spruce_fence":96,"minecraft:stone_stairs":4,"minecraft:iron_boots":1,"minecraft:iron_axe":1,"minecraft:ladder":30,"minecraft:spruce_slab":24,"minecraft:stone_pickaxe":1,"minecraft:chest":11,"minecraft:spruce_boat":1,"minecraft:wooden_shovel":1,"minecraft:cooked_porkchop":17,"minecraft:diamond_axe":1,"minecraft:crafting_table":3,"minecraft:spruce_planks":288,"minecraft:wooden_pickaxe":1,"minecraft:iron_helmet":1,"minecraft:iron_sword":2,"minecraft:bucket":1,"minecraft:birch_planks":148,"minecraft:campfire":2,"minecraft:stone_axe":1,"minecraft:bread":8,"minecraft:air":0,"minecraft:wooden_hoe":2,"minecraft:iron_chestplate":1,"minecraft:diamond_pickaxe":1,"minecraft:shield":1,"minecraft:stick":191,"minecraft:iron_ingot":85,"minecraft:iron_pickaxe":3,"minecraft:stone_sword":1,"minecraft:iron_shovel":1,"minecraft:iron_leggings":1,"minecraft:stonecutter":1,"minecraft:torch":168},"minecraft:used":{"minecraft:stone_sword":18,"minecraft:iron_shovel":172,"minecraft:spruce_slab":60,"minecraft:ladder":15,"minecraft:chest":10,"minecraft:shield":33,"minecraft:stone":41,"minecraft:iron_sword":216,"minecraft:bell":1,"minecraft:wooden_shovel":48,"minecraft:cooked_chicken":2,"minecraft:rotten_flesh":2,"minecraft:torch":170,"minecraft:dirt":51,"minecraft:spruce_fence":28,"minecraft:snowball":16,"minecraft:spruce_boat":1,"minecraft:iron_axe":6,"minecraft:sweet_berries":61,"minecraft:oak_sapling":5,"minecraft:furnace":13,"minecraft:cobbled_deepslate":101,"minecraft:pumpkin":1,"minecraft:wheat_seeds":57,"minecraft:water_bucket":19,"minecraft:stone_pickaxe":44,"minecraft:wooden_pickaxe":4,"minecraft:cobblestone_slab":119,"minecraft:stonecutter":1,"minecraft:blue_bed":9,"minecraft:diamond_axe":144,"minecraft:crafting_table":14,"minecraft:campfire":2,"minecraft:pumpkin_seeds":2,"minecraft:wooden_hoe":32,"minecraft:diamond_pickaxe":335,"minecraft:bread":5,"minecraft:iron_pickaxe":438,"minecraft:stone_axe":17,"minecraft:wooden_sword":2,"minecraft:cobblestone":154,"minecraft:cobbled_deepslate_slab":347,"minecraft:cooked_porkchop":26,"minecraft:andesite":13,"minecraft:bucket":19,"minecraft:bone_meal":30},"minecraft:mined":{"minecraft:tuff":26,"minecraft:farmland":1,"minecraft:deepslate_diamond_ore":40,"minecraft:carved_pumpkin":1,"minecraft:ladder":1,"minecraft:cobbled_deepslate_slab":62,"minecraft:spruce_fence":5,"minecraft:grass_block":154,"minecraft:spruce_leaves":9,"minecraft:spawner":2,"minecraft:large_fern":1,"minecraft:furnace":7,"minecraft:iron_ore":61,"minecraft:cobbled_deepslate":6,"minecraft:andesite":13,"minecraft:pumpkin":4,"minecraft:cobblestone_slab":5,"minecraft:deepslate_iron_ore":73,"minecraft:stone":205,"minecraft:spruce_slab":19,"minecraft:deepslate_redstone_ore":1,"minecraft:dandelion":2,"minecraft:crafting_table":11,"minecraft:torch":2,"minecraft:short_grass":39,"minecraft:poppy":2,"minecraft:chest":1,"minecraft:cobblestone":60,"minecraft:lapis_ore":2,"minecraft:diorite":1,"minecraft:blue_bed":7,"minecraft:wall_torch":21,"minecraft:birch_log":100,"minecraft:wheat":35,"minecraft:ice":1,"minecraft:spruce_log":8,"minecraft:birch_leaves":45,"minecraft:bee_nest":1,"minecraft:oak_log":15,"minecraft:coal_ore":130,"minecraft:gravel":5,"minecraft:dirt":78,"minecraft:cobweb":27,"minecraft:oak_leaves":2,"minecraft:deepslate":125}},"DataVersion":3953}