{"stats":{"minecraft:killed":{"minecraft:cave_spider":11,"minecraft:spider":10,"minecraft:skeleton":32,"minecraft:chicken":2,"minecraft:pig":1,"minecraft:zombie_villager":1,"minecraft:creeper":5,"minecraft:pillager":7,"minecraft:zombie":116,"minecraft:cow":49},"minecraft:killed_by":{"minecraft:zombie":2},"minecraft:used":{"minecraft:cherry_sapling":12,"minecraft:iron_shovel":206,"minecraft:spruce_slab":112,"minecraft:ladder":72,"minecraft:chest":30,"minecraft:shield":118,"minecraft:stone":51,"minecraft:iron_sword":299,"minecraft:bell":1,"minecraft:rotten_flesh":2,"minecraft:acacia_sapling":1,"minecraft:snowball":16,"minecraft:spruce_boat":1,"minecraft:lantern":35,"minecraft:stone_brick_stairs":2,"minecraft:stone_bricks":200,"minecraft:item_frame":3,"minecraft:sweet_berries":61,"minecraft:oak_sapling":5,"minecraft:furnace":13,"minecraft:potato":58,"minecraft:dark_oak_sapling":3,"minecraft:deepslate_brick_wall":11,"minecraft:oak_planks":27,"minecraft:stone_pickaxe":44,"minecraft:wooden_pickaxe":4,"minecraft:sugar_cane":28,"minecraft:blue_bed":10,"minecraft:diamond_axe":458,"minecraft:glow_berries":6,"minecraft:blast_furnace":2,"minecraft:crossbow":1,"minecraft:stone_brick_wall":121,"minecraft:pumpkin_seeds":2,"minecraft:birch_fence":16,"minecraft:bread":51,"minecraft:diamond_sword":114,"minecraft:wooden_sword":2,"minecraft:andesite":13,"minecraft:birch_log":10,"minecraft:bone_meal":192,"minecraft:enchanting_table":1,"minecraft:stone_sword":18,"minecraft:cooked_salmon":4,"minecraft:wooden_shovel":48,"minecraft:cooked_chicken":2,"minecraft:stone_hoe":156,"minecraft:torch":670,"minecraft:dirt":424,"minecraft:anvil":1,"minecraft:cobblestone_wall":64,"minecraft:stone_stairs":8,"minecraft:spruce_fence":134,"minecraft:stone_brick_slab":243,"minecraft:bookshelf":15,"minecraft:iron_axe":6,"minecraft:bamboo":3,"minecraft:cooked_beef":62,"minecraft:cobbled_deepslate":132,"minecraft:pumpkin":1,"minecraft:wheat_seeds":680,"minecraft:cooked_mutton":18,"minecraft:water_bucket":62,"minecraft:birch_planks":5,"minecraft:baked_potato":15,"minecraft:stonecutter":3,"minecraft:cobblestone_slab":405,"minecraft:crafting_table":21,"minecraft:birch_sign":4,"minecraft:campfire":2,"minecraft:painting":1,"minecraft:wooden_hoe":117,"minecraft:diamond_pickaxe":3380,"minecraft:apple":2,"minecraft:diamond_shovel":611,"minecraft:iron_pickaxe":704,"minecraft:stone_slab":180,"minecraft:spruce_trapdoor":15,"minecraft:spruce_sapling":1,"minecraft:stone_axe":17,"minecraft:chiseled_stone_bricks":35,"minecraft:cobblestone":706,"minecraft:cobbled_deepslate_slab":398,"minecraft:cooked_porkchop":28,"minecraft:bucket":61},"minecraft:picked_up":{"minecraft:iron_chestplate":4,"minecraft:wheat":481,"minecraft:stone_slab":14,"minecraft:lead":1,"minecraft:enchanted_book":3,"minecraft:golden_shovel":2,"minecraft:music_disc_cat":2,"minecraft:string":79,"minecraft:raw_copper":205,"minecraft:cooked_salmon":6,"minecraft:iron_leggings":3,"minecraft:diamond_leggings":3,"minecraft:cobbled_deepslate":487,"minecraft:bucket":2,"minecraft:spruce_planks":154,"minecraft:cobblestone_slab":497,"minecraft:iron_pickaxe":3,"minecraft:furnace":10,"minecraft:iron_boots":3,"minecraft:stick":54,"minecraft:deepslate_brick_wall":10,"minecraft:torch":178,"minecraft:porkchop":3,"minecraft:cherry_log":20,"minecraft:pointed_dripstone":4,"minecraft:diorite":389,"minecraft:stone_sword":1,"minecraft:rotten_flesh":142,"minecraft:carved_pumpkin":1,"minecraft:obsidian":4,"minecraft:snowball":16,"minecraft:cobblestone":1699,"minecraft:birch_log":187,"minecraft:pink_petals":3,"minecraft:feather":2,"minecraft:cooked_beef":4,"minecraft:water_bucket":4,"minecraft:andesite":17,"minecraft:potato":101,"minecraft:flint":2,"minecraft:tuff":38,"minecraft:map":2,"minecraft:lapis_lazuli":247,"minecraft:dirt":953,"minecraft:lantern":5,"minecraft:bone":42,"minecraft:stonecutter":3,"minecraft:bow":1,"minecraft:wheat_seeds":1330,"minecraft:raw_gold":109,"minecraft:cobbled_deepslate_slab":667,"minecraft:bell":1,"minecraft:diamond_helmet":1,"minecraft:bamboo":6,"minecraft:stone_hoe":1,"minecraft:oak_planks":37,"minecraft:cooked_porkchop":7,"minecraft:poisonous_potato":1,"minecraft:mossy_cobblestone":18,"minecraft:diamond":319,"minecraft:crossbow":2,"minecraft:granite":73,"minecraft:emerald":8,"minecraft:bread":4,"minecraft:oak_sapling":21,"minecraft:diamond_pickaxe":4,"minecraft:crafting_table":14,"minecraft:ominous_bottle":3,"minecraft:chicken":2,"minecraft:ladder":67,"minecraft:stone_brick_wall":17,"minecraft:shield":1,"minecraft:stone_stairs":4,"minecraft:item_frame":2,"minecraft:birch_fence":21,"minecraft:iron_shovel":2,"minecraft:beef":83,"minecraft:poppy":2,"minecraft:spruce_slab":46,"minecraft:sugar_cane":143,"minecraft:chest":16,"minecraft:birch_sapling":39,"minecraft:spruce_trapdoor":10,"minecraft:egg":5,"minecraft:dark_oak_sapling":3,"minecraft:raw_iron":480,"minecraft:stone":33,"minecraft:copper_ingot":27,"minecraft:spruce_fence":64,"minecraft:carrot":1,"minecraft:redstone":274,"minecraft:arrow":30,"minecraft:diamond_chestplate":3,"minecraft:diamond_boots":2,"minecraft:glow_berries":11,"minecraft:rail":4,"minecraft:white_wool":37,"minecraft:leather":45,"minecraft:filled_map":3,"minecraft:birch_planks":51,"minecraft:oak_log":36,"minecraft:gunpowder":6,"minecraft:cobblestone_wall":11,"minecraft:cobblestone_stairs":8,"minecraft:wooden_hoe":3,"minecraft:blue_bed":10,"minecraft:white_banner":4,"minecraft:cooked_mutton":12,"minecraft:apple":2,"minecraft:stone_bricks":19,"minecraft:iron_ingot":3,"minecraft:iron_sword":4,"minecraft:acacia_sapling":1,"minecraft:pumpkin":1,"minecraft:sweet_berries":41,"minecraft:chiseled_stone_bricks":5,"minecraft:stone_brick_slab":27,"minecraft:dandelion":6,"minecraft:gravel":16,"minecraft:spruce_sapling":2,"minecraft:spruce_log":9,"minecraft:spider_eye":16,"minecraft:pumpkin_seeds":12,"minecraft:stone_axe":1,"minecraft:iron_helmet":6,"minecraft:birch_sign":3,"minecraft:diamond_axe":2,"minecraft:painting":1,"minecraft:cherry_sapling":16,"minecraft:coal":404,"minecraft:sunflower":6},"minecraft:custom":{"minecraft:animals_bred":60,"minecraft:interact_with_crafting_table":197,"minecraft:bell_ring":83,"minecraft:leave_game":15,"minecraft:time_since_death":763974,"minecraft:sprint_one_cm":4205225,"minecraft:damage_blocked_by_shield":4013,"minecraft:drop":87,"minecraft:talked_to_villager":1,"minecraft:play_time":1077655,"minecraft:deaths":3,"minecraft:jump":15528,"minecraft:walk_on_water_one_cm":66072,"minecraft:enchant_item":3,"minecraft:interact_with_furnace":273,"minecraft:interact_with_cartography_table":13,"minecraft:sleep_in_bed":53,"minecraft:damage_dealt":30077,"minecraft:crouch_one_cm":331545,"minecraft:interact_with_smoker":3,"minecraft:mob_kills":242,"minecraft:interact_with_anvil":4,"minecraft:climb_one_cm":37880,"minecraft:walk_one_cm":3195143,"minecraft:sneak_time":77804,"minecraft:walk_under_water_one_cm":38241,"minecraft:boat_one_cm":58963,"minecraft:interact_with_blast_furnace":29,"minecraft:total_world_time":1077655,"minecraft:interact_with_stonecutter":28,"minecraft:time_since_rest":31457,"minecraft:damage_taken":6996,"minecraft:swim_one_cm":86251,"minecraft:fly_one_cm":2784597,"minecraft:open_chest":796,"minecraft:fall_one_cm":369695},"minecraft:mined":{"minecraft:farmland":1,"minecraft:cherry_log":18,"minecraft:carved_pumpkin":1,"minecraft:obsidian":4,"minecraft:spruce_trapdoor":10,"minecraft:granite":59,"minecraft:grass_block":472,"minecraft:stone_brick_wall":18,"minecraft:chiseled_stone_bricks":4,"minecraft:spawner":3,"minecraft:iron_ore":129,"minecraft:cobbled_deepslate":20,"minecraft:pumpkin":4,"minecraft:deepslate_lapis_ore":14,"minecraft:pointed_dripstone":4,"minecraft:birch_wall_sign":3,"minecraft:spruce_slab":26,"minecraft:deepslate_redstone_ore":44,"minecraft:deepslate_brick_wall":11,"minecraft:torch":21,"minecraft:poppy":2,"minecraft:chest":14,"minecraft:cobblestone":391,"minecraft:sugar_cane":100,"minecraft:oak_planks":5,"minecraft:wall_torch":36,"minecraft:deepslate_copper_ore":11,"minecraft:stone_stairs":4,"minecraft:birch_log":124,"minecraft:wheat":531,"minecraft:oak_log":36,"minecraft:dark_oak_sapling":1,"minecraft:dirt":435,"minecraft:stonecutter":3,"minecraft:oak_leaves":147,"minecraft:deepslate":371,"minecraft:tuff":41,"minecraft:mossy_cobblestone":9,"minecraft:deepslate_diamond_ore":77,"minecraft:cherry_sapling":6,"minecraft:glow_lichen":1,"minecraft:ladder":26,"minecraft:cobbled_deepslate_slab":341,"minecraft:spruce_fence":21,"minecraft:spruce_leaves":9,"minecraft:large_fern":1,"minecraft:furnace":9,"minecraft:andesite":38,"minecraft:potatoes":33,"minecraft:deepslate_iron_ore":123,"minecraft:cobblestone_slab":252,"minecraft:lantern":3,"minecraft:bamboo":1,"minecraft:stone":1304,"minecraft:stone_brick_slab":16,"minecraft:dandelion":5,"minecraft:crafting_table":14,"minecraft:short_grass":116,"minecraft:stone_slab":11,"minecraft:tall_grass":3,"minecraft:copper_ore":31,"minecraft:deepslate_coal_ore":13,"minecraft:lapis_ore":7,"minecraft:deepslate_gold_ore":40,"minecraft:diorite":413,"minecraft:blue_bed":7,"minecraft:birch_planks":3,"minecraft:cobblestone_wall":12,"minecraft:sweet_berry_bush":1,"minecraft:ice":1,"minecraft:spruce_log":8,"minecraft:birch_leaves":68,"minecraft:bee_nest":1,"minecraft:coal_ore":266,"minecraft:cherry_leaves":96,"minecraft:sunflower":1,"minecraft:gravel":16,"minecraft:dripstone_block":1,"minecraft:cobweb":66,"minecraft:stone_bricks":19,"minecraft:gold_ore":5,"minecraft:birch_fence":21},"minecraft:crafted":{"minecraft:smooth_stone":8,"minecraft:oak_planks":104,"minecraft:cobblestone_slab":258,"minecraft:cooked_chicken":2,"minecraft:birch_slab":30,"minecraft:stone":624,"minecraft:cobblestone_stairs":8,"minecraft:diamond_shovel":1,"minecraft:bookshelf":15,"minecraft:cooked_mutton":7,"minecraft:stone_brick_slab":128,"minecraft:diamond_helmet":1,"minecraft:diamond_leggings":1,"minecraft:iron_boots":1,"minecraft:chest":19,"minecraft:chiseled_stone_bricks":16,"minecraft:stone_hoe":3,"minecraft:stone_bricks":273,"minecraft:item_frame":1,"minecraft:wooden_shovel":1,"minecraft:cooked_porkchop":20,"minecraft:diamond_axe":1,"minecraft:crafting_table":9,"minecraft:spruce_planks":476,"minecraft:baked_potato":43,"minecraft:wooden_pickaxe":1,"minecraft:iron_helmet":1,"minecraft:birch_planks":368,"minecraft:campfire":2,"minecraft:painting":1,"minecraft:stone_brick_stairs":4,"minecraft:spruce_trapdoor":12,"minecraft:iron_chestplate":1,"minecraft:book":46,"minecraft:wooden_hoe":2,"minecraft:paper":138,"minecraft:diamond_pickaxe":3,"minecraft:shield":2,"minecraft:stick":471,"minecraft:stone_slab":108,"minecraft:iron_ingot":483,"minecraft:iron_pickaxe":4,"minecraft:iron_block":3,"minecraft:stone_sword":1,"minecraft:wooden_sword":1,"minecraft:cobbled_deepslate_slab":44,"minecraft:stone_brick_wall":19,"minecraft:iron_nugget":243,"minecraft:furnace":6,"minecraft:stone_button":32,"minecraft:blast_furnace":2,"minecraft:bone_meal":258,"minecraft:spruce_fence":123,"minecraft:stone_stairs":4,"minecraft:lantern":30,"minecraft:deepslate_brick_wall":14,"minecraft:polished_diorite":128,"minecraft:iron_axe":1,"minecraft:ladder":69,"minecraft:spruce_slab":84,"minecraft:stone_pickaxe":1,"minecraft:cobblestone_wall":12,"minecraft:diamond_boots":1,"minecraft:spruce_boat":1,"minecraft:redstone_block":27,"minecraft:birch_sign":3,"minecraft:cooked_beef":58,"minecraft:diamond_sword":1,"minecraft:enchanting_table":1,"minecraft:deepslate_brick_slab":36,"minecraft:iron_sword":3,"minecraft:cooked_salmon":5,"minecraft:bucket":1,"minecraft:stone_axe":1,"minecraft:bread":50,"minecraft:air":0,"minecraft:iron_shovel":1,"minecraft:iron_leggings":1,"minecraft:stonecutter":1,"minecraft:anvil":1,"minecraft:torch":628,"minecraft:lapis_block":9,"minecraft:diamond_chestplate":1},"minecraft:dropped":{"minecraft:iron_sword":1,"minecraft:birch_planks":13,"minecraft:diamond_axe":1,"minecraft:diamond":196,"minecraft:crossbow":1,"minecraft:dirt":15,"minecraft:iron_pickaxe":1,"minecraft:birch_log":35,"minecraft:stone_axe":2,"minecraft:cobbled_deepslate":1,"minecraft:birch_sapling":1,"minecraft:pointed_dripstone":1,"minecraft:rotten_flesh":2,"minecraft:gunpowder":5,"minecraft:ladder":17,"minecraft:spruce_slab":2,"minecraft:egg":1,"minecraft:iron_ingot":10,"minecraft:bread":4,"minecraft:wheat_seeds":64,"minecraft:diamond_leggings":3,"minecraft:cobblestone":10,"minecraft:iron_helmet":6,"minecraft:stick":4,"minecraft:wooden_hoe":1,"minecraft:torch":1,"minecraft:cooked_salmon":3,"minecraft:iron_leggings":3,"minecraft:string":42,"minecraft:bucket":1,"minecraft:dandelion":2,"minecraft:furnace":1,"minecraft:stone_sword":2,"minecraft:raw_copper":5,"minecraft:tuff":13,"minecraft:raw_iron":64,"minecraft:iron_boots":3,"minecraft:name_tag":1,"minecraft:cobblestone_slab":2,"minecraft:diamond_chestplate":3,"minecraft:diamond_pickaxe":2,"minecraft:iron_chestplate":4,"minecraft:oak_sapling":8,"minecraft:spider_eye":2,"minecraft:diamond_boots":2},"minecraft:broken":{"minecraft:diamond_pickaxe":1,"minecraft:stone_hoe":1,"minecraft:shield":1,"minecraft:iron_pickaxe":2,"minecraft:wooden_hoe":1}},"DataVersion":3953}