{"stats":{"minecraft:killed":{"minecraft:skeleton":2,"minecraft:horse":2,"minecraft:chicken":4,"minecraft:pig":4,"minecraft:creeper":1,"minecraft:squid":9,"minecraft:sheep":11,"minecraft:zombie":13,"minecraft:cow":12},"minecraft:killed_by":{"minecraft:drowned":3},"minecraft:dropped":{"minecraft:short_grass":4,"minecraft:wheat_seeds":6,"minecraft:feather":2,"minecraft:stick":2,"minecraft:diorite":9,"minecraft:iron_pickaxe":1,"minecraft:gravel":1,"minecraft:cobbled_deepslate":5,"minecraft:beetroot_seeds":4,"minecraft:calcite":2},"minecraft:mined":{"minecraft:tuff":52,"minecraft:white_bed":1,"minecraft:deepslate_diamond_ore":35,"minecraft:jungle_leaves":120,"minecraft:glow_lichen":1,"minecraft:budding_amethyst":1,"minecraft:granite":17,"minecraft:grass_block":362,"minecraft:jungle_log":6,"minecraft:spruce_leaves":1,"minecraft:oxeye_daisy":18,"minecraft:spawner":1,"minecraft:large_fern":3,"minecraft:tall_seagrass":2,"minecraft:furnace":21,"minecraft:iron_ore":54,"minecraft:cobbled_deepslate":5,"minecraft:andesite":7,"minecraft:deepslate_lapis_ore":4,"minecraft:peony":16,"minecraft:azure_bluet":3,"minecraft:deepslate_iron_ore":21,"minecraft:vine":3,"minecraft:birch_wall_sign":1,"minecraft:stone":786,"minecraft:white_wool":1,"minecraft:lily_of_the_valley":19,"minecraft:amethyst_cluster":3,"minecraft:dandelion":26,"minecraft:crafting_table":9,"minecraft:cobbled_deepslate_wall":8,"minecraft:cornflower":1,"minecraft:torch":13,"minecraft:short_grass":306,"minecraft:calcite":2,"minecraft:poppy":2,"minecraft:chest":15,"minecraft:rose_bush":17,"minecraft:copper_ore":13,"minecraft:tall_grass":23,"minecraft:cobblestone":17,"minecraft:deepslate_gold_ore":7,"minecraft:diorite":21,"minecraft:wall_torch":1,"minecraft:amethyst_block":2,"minecraft:lilac":20,"minecraft:birch_log":49,"minecraft:sweet_berry_bush":20,"minecraft:wheat":132,"minecraft:spruce_log":14,"minecraft:birch_leaves":3,"minecraft:oak_log":54,"minecraft:coal_ore":80,"minecraft:cocoa":1,"minecraft:gravel":24,"minecraft:sand":9,"minecraft:dirt":116,"minecraft:deepslate":535,"minecraft:oak_leaves":11,"minecraft:fern":10},"minecraft:broken":{"minecraft:shears":4,"minecraft:golden_shovel":1,"minecraft:iron_pickaxe":1},"minecraft:used":{"minecraft:writable_book":2,"minecraft:iron_shovel":379,"minecraft:ladder":5,"minecraft:chest":54,"minecraft:shield":9,"minecraft:cooked_salmon":2,"minecraft:cooked_chicken":1,"minecraft:rotten_flesh":9,"minecraft:torch":24,"minecraft:dirt":405,"minecraft:mutton":1,"minecraft:cocoa_beans":3,"minecraft:jungle_planks":2,"minecraft:golden_shovel":34,"minecraft:granite":2,"minecraft:iron_hoe":159,"minecraft:jungle_log":3,"minecraft:item_frame":39,"minecraft:beef":2,"minecraft:written_book":10,"minecraft:sweet_berries":42,"minecraft:furnace":31,"minecraft:cooked_cod":4,"minecraft:egg":1,"minecraft:cooked_beef":5,"minecraft:cobbled_deepslate":177,"minecraft:cobbled_deepslate_wall":134,"minecraft:wheat_seeds":289,"minecraft:cooked_mutton":11,"minecraft:water_bucket":9,"minecraft:diorite":2,"minecraft:stone_pickaxe":85,"minecraft:wooden_pickaxe":11,"minecraft:diamond_axe":156,"minecraft:white_wool":1,"minecraft:sand":1,"minecraft:crafting_table":11,"minecraft:birch_sign":4,"minecraft:white_bed":3,"minecraft:shears":5,"minecraft:diamond_pickaxe":1171,"minecraft:chicken":1,"minecraft:iron_pickaxe":479,"minecraft:bread":9,"minecraft:lilac":1,"minecraft:stone_axe":89,"minecraft:jungle_sign":2,"minecraft:diamond_sword":133,"minecraft:cobblestone":158,"minecraft:cooked_porkchop":2,"minecraft:bucket":10,"minecraft:oak_boat":2,"minecraft:bone_meal":36},"minecraft:picked_up":{"minecraft:cocoa_beans":16,"minecraft:iron_chestplate":2,"minecraft:crafting_table":11,"minecraft:wheat":148,"minecraft:azure_bluet":3,"minecraft:chicken":6,"minecraft:ladder":11,"minecraft:suspicious_stew":1,"minecraft:wooden_pickaxe":3,"minecraft:potion":1,"minecraft:shield":2,"minecraft:amethyst_block":6,"minecraft:cornflower":1,"minecraft:raw_copper":89,"minecraft:cooked_salmon":2,"minecraft:item_frame":23,"minecraft:iron_shovel":2,"minecraft:cobbled_deepslate":1100,"minecraft:bucket":3,"minecraft:spruce_planks":83,"minecraft:beef":50,"minecraft:red_dye":1,"minecraft:oak_boat":1,"minecraft:rose_bush":17,"minecraft:calcite":2,"minecraft:jungle_sapling":8,"minecraft:poppy":2,"minecraft:chest":20,"minecraft:furnace":25,"minecraft:egg":7,"minecraft:stick":11,"minecraft:raw_iron":101,"minecraft:copper_ingot":5,"minecraft:torch":27,"minecraft:porkchop":22,"minecraft:diorite":21,"minecraft:iron_horse_armor":5,"minecraft:prismarine_crystals":2,"minecraft:arrow":3,"minecraft:rotten_flesh":25,"minecraft:cooked_cod":4,"minecraft:beetroot_seeds":16,"minecraft:peony":16,"minecraft:blue_dye":1,"minecraft:saddle":3,"minecraft:gold_ingot":5,"minecraft:mutton":19,"minecraft:white_wool":1828,"minecraft:cobblestone":1146,"minecraft:oxeye_daisy":18,"minecraft:birch_log":49,"minecraft:feather":5,"minecraft:lilac":20,"minecraft:andesite":2,"minecraft:jungle_log":9,"minecraft:leather":23,"minecraft:yellow_dye":19,"minecraft:filled_map":3,"minecraft:flint":6,"minecraft:oak_log":54,"minecraft:tuff":49,"minecraft:light_gray_dye":3,"minecraft:gunpowder":14,"minecraft:paper":22,"minecraft:lapis_lazuli":22,"minecraft:dirt":509,"minecraft:name_tag":3,"minecraft:cooked_mutton":10,"minecraft:bone":39,"minecraft:wheat_seeds":390,"minecraft:cobbled_deepslate_wall":10,"minecraft:raw_gold":14,"minecraft:heart_of_the_sea":1,"minecraft:iron_ingot":16,"minecraft:stone_pickaxe":4,"minecraft:cooked_chicken":2,"minecraft:sweet_berries":89,"minecraft:dandelion":26,"minecraft:gravel":43,"minecraft:sand":19,"minecraft:amethyst_shard":56,"minecraft:ink_sac":19,"minecraft:white_bed":1,"minecraft:spruce_log":14,"minecraft:lily_of_the_valley":19,"minecraft:iron_hoe":1,"minecraft:diamond":67,"minecraft:stone_axe":4,"minecraft:short_grass":5,"minecraft:granite":19,"minecraft:birch_sign":1,"minecraft:bread":2,"minecraft:oak_sapling":1,"minecraft:black_wool":7,"minecraft:coal":193,"minecraft:diamond_pickaxe":2},"minecraft:custom":{"minecraft:mob_kills":60,"minecraft:animals_bred":56,"minecraft:interact_with_crafting_table":49,"minecraft:leave_game":4,"minecraft:time_since_death":215591,"minecraft:climb_one_cm":16909,"minecraft:sprint_one_cm":1158481,"minecraft:walk_one_cm":1108328,"minecraft:damage_blocked_by_shield":251,"minecraft:drop":16,"minecraft:play_time":281176,"minecraft:sneak_time":1117,"minecraft:deaths":5,"minecraft:walk_under_water_one_cm":32337,"minecraft:boat_one_cm":49682,"minecraft:jump":3660,"minecraft:walk_on_water_one_cm":47365,"minecraft:total_world_time":281176,"minecraft:interact_with_furnace":44,"minecraft:sleep_in_bed":12,"minecraft:time_since_rest":30493,"minecraft:damage_taken":2481,"minecraft:damage_dealt":7390,"minecraft:swim_one_cm":130889,"minecraft:fly_one_cm":730273,"minecraft:open_chest":145,"minecraft:crouch_one_cm":3054,"minecraft:fall_one_cm":91077},"minecraft:crafted":{"minecraft:oak_planks":216,"minecraft:cooked_chicken":1,"minecraft:furnace":10,"minecraft:bone_meal":39,"minecraft:cooked_mutton":1,"minecraft:diamond_helmet":1,"minecraft:diamond_leggings":1,"minecraft:ladder":15,"minecraft:iron_hoe":3,"minecraft:stone_pickaxe":1,"minecraft:chest":40,"minecraft:diamond_boots":1,"minecraft:birch_sign":3,"minecraft:cooked_beef":5,"minecraft:red_dye":1,"minecraft:item_frame":15,"minecraft:diamond_sword":1,"minecraft:cooked_porkchop":2,"minecraft:diamond_axe":1,"minecraft:crafting_table":4,"minecraft:spruce_planks":56,"minecraft:wooden_pickaxe":1,"minecraft:cobbled_deepslate_wall":192,"minecraft:golden_shovel":1,"minecraft:birch_planks":236,"minecraft:stone_axe":1,"minecraft:bread":8,"minecraft:air":0,"minecraft:jungle_planks":12,"minecraft:blue_dye":1,"minecraft:oak_boat":1,"minecraft:iron_chestplate":1,"minecraft:book":1,"minecraft:diamond_pickaxe":2,"minecraft:yellow_dye":19,"minecraft:shield":1,"minecraft:white_dye":3,"minecraft:stick":212,"minecraft:iron_ingot":24,"minecraft:iron_pickaxe":2,"minecraft:writable_book":1,"minecraft:iron_shovel":3,"minecraft:light_gray_dye":3,"minecraft:white_bed":2,"minecraft:torch":32,"minecraft:shears":5,"minecraft:diamond_chestplate":1,"minecraft:jungle_sign":3}},"DataVersion":3953}