{"stats":{"minecraft:killed":{"minecraft:skeleton":2,"minecraft:horse":2,"minecraft:chicken":4,"minecraft:pig":4,"minecraft:creeper":1,"minecraft:squid":1,"minecraft:sheep":7,"minecraft:zombie":13,"minecraft:cow":11},"minecraft:killed_by":{"minecraft:drowned":3},"minecraft:dropped":{"minecraft:wheat_seeds":6,"minecraft:feather":2,"minecraft:stick":2,"minecraft:diorite":9,"minecraft:iron_pickaxe":1,"minecraft:gravel":1,"minecraft:cobbled_deepslate":5,"minecraft:beetroot_seeds":4,"minecraft:calcite":2},"minecraft:mined":{"minecraft:tuff":52,"minecraft:white_bed":1,"minecraft:deepslate_diamond_ore":35,"minecraft:jungle_leaves":120,"minecraft:glow_lichen":1,"minecraft:budding_amethyst":1,"minecraft:granite":17,"minecraft:grass_block":362,"minecraft:jungle_log":6,"minecraft:spruce_leaves":1,"minecraft:spawner":1,"minecraft:large_fern":3,"minecraft:furnace":21,"minecraft:iron_ore":54,"minecraft:cobbled_deepslate":5,"minecraft:andesite":7,"minecraft:deepslate_lapis_ore":4,"minecraft:azure_bluet":3,"minecraft:deepslate_iron_ore":21,"minecraft:vine":3,"minecraft:stone":785,"minecraft:white_wool":1,"minecraft:amethyst_cluster":3,"minecraft:dandelion":19,"minecraft:crafting_table":8,"minecraft:cobbled_deepslate_wall":8,"minecraft:cornflower":1,"minecraft:torch":13,"minecraft:short_grass":281,"minecraft:calcite":2,"minecraft:poppy":1,"minecraft:chest":15,"minecraft:copper_ore":13,"minecraft:tall_grass":18,"minecraft:cobblestone":17,"minecraft:deepslate_gold_ore":7,"minecraft:diorite":21,"minecraft:wall_torch":1,"minecraft:amethyst_block":2,"minecraft:lilac":1,"minecraft:birch_log":49,"minecraft:wheat":86,"minecraft:sweet_berry_bush":20,"minecraft:spruce_log":14,"minecraft:birch_leaves":3,"minecraft:oak_log":50,"minecraft:coal_ore":80,"minecraft:cocoa":1,"minecraft:gravel":24,"minecraft:sand":9,"minecraft:dirt":115,"minecraft:deepslate":535,"minecraft:oak_leaves":9,"minecraft:fern":10},"minecraft:broken":{"minecraft:shears":3,"minecraft:golden_shovel":1,"minecraft:iron_pickaxe":1},"minecraft:used":{"minecraft:writable_book":2,"minecraft:iron_shovel":379,"minecraft:ladder":5,"minecraft:chest":54,"minecraft:shield":9,"minecraft:cooked_salmon":2,"minecraft:cooked_chicken":1,"minecraft:rotten_flesh":9,"minecraft:torch":24,"minecraft:dirt":405,"minecraft:mutton":1,"minecraft:cocoa_beans":3,"minecraft:jungle_planks":2,"minecraft:golden_shovel":34,"minecraft:granite":2,"minecraft:iron_hoe":159,"minecraft:jungle_log":3,"minecraft:item_frame":39,"minecraft:written_book":8,"minecraft:sweet_berries":42,"minecraft:furnace":31,"minecraft:cooked_cod":4,"minecraft:egg":1,"minecraft:cooked_beef":5,"minecraft:cobbled_deepslate":177,"minecraft:cobbled_deepslate_wall":134,"minecraft:wheat_seeds":243,"minecraft:cooked_mutton":11,"minecraft:water_bucket":9,"minecraft:diorite":2,"minecraft:stone_pickaxe":85,"minecraft:wooden_pickaxe":11,"minecraft:diamond_axe":156,"minecraft:white_wool":1,"minecraft:sand":1,"minecraft:crafting_table":10,"minecraft:white_bed":3,"minecraft:shears":1,"minecraft:diamond_pickaxe":1170,"minecraft:chicken":1,"minecraft:iron_pickaxe":479,"minecraft:bread":1,"minecraft:lilac":1,"minecraft:stone_axe":89,"minecraft:jungle_sign":2,"minecraft:diamond_sword":39,"minecraft:cobblestone":157,"minecraft:cooked_porkchop":2,"minecraft:bucket":10,"minecraft:bone_meal":36},"minecraft:picked_up":{"minecraft:cocoa_beans":16,"minecraft:iron_chestplate":2,"minecraft:crafting_table":10,"minecraft:wheat":102,"minecraft:azure_bluet":3,"minecraft:chicken":6,"minecraft:ladder":11,"minecraft:suspicious_stew":1,"minecraft:wooden_pickaxe":3,"minecraft:potion":1,"minecraft:shield":2,"minecraft:amethyst_block":6,"minecraft:cornflower":1,"minecraft:raw_copper":89,"minecraft:cooked_salmon":2,"minecraft:item_frame":23,"minecraft:iron_shovel":2,"minecraft:cobbled_deepslate":1100,"minecraft:bucket":3,"minecraft:spruce_planks":83,"minecraft:beef":48,"minecraft:red_dye":1,"minecraft:calcite":2,"minecraft:jungle_sapling":8,"minecraft:poppy":1,"minecraft:chest":20,"minecraft:furnace":25,"minecraft:egg":7,"minecraft:stick":9,"minecraft:raw_iron":101,"minecraft:copper_ingot":5,"minecraft:torch":27,"minecraft:porkchop":22,"minecraft:diorite":21,"minecraft:iron_horse_armor":5,"minecraft:prismarine_crystals":2,"minecraft:arrow":3,"minecraft:rotten_flesh":25,"minecraft:cooked_cod":4,"minecraft:beetroot_seeds":16,"minecraft:blue_dye":1,"minecraft:saddle":3,"minecraft:gold_ingot":5,"minecraft:mutton":12,"minecraft:white_wool":1480,"minecraft:cobblestone":1145,"minecraft:birch_log":49,"minecraft:feather":5,"minecraft:lilac":1,"minecraft:andesite":2,"minecraft:jungle_log":9,"minecraft:leather":23,"minecraft:yellow_dye":19,"minecraft:filled_map":3,"minecraft:flint":6,"minecraft:oak_log":50,"minecraft:tuff":49,"minecraft:light_gray_dye":3,"minecraft:gunpowder":14,"minecraft:paper":22,"minecraft:lapis_lazuli":22,"minecraft:dirt":508,"minecraft:name_tag":3,"minecraft:cooked_mutton":10,"minecraft:bone":39,"minecraft:wheat_seeds":264,"minecraft:cobbled_deepslate_wall":10,"minecraft:raw_gold":14,"minecraft:heart_of_the_sea":1,"minecraft:iron_ingot":16,"minecraft:stone_pickaxe":4,"minecraft:cooked_chicken":2,"minecraft:sweet_berries":89,"minecraft:dandelion":19,"minecraft:gravel":43,"minecraft:sand":19,"minecraft:amethyst_shard":56,"minecraft:ink_sac":2,"minecraft:white_bed":1,"minecraft:spruce_log":14,"minecraft:iron_hoe":1,"minecraft:diamond":67,"minecraft:stone_axe":4,"minecraft:short_grass":1,"minecraft:granite":19,"minecraft:bread":2,"minecraft:oak_sapling":1,"minecraft:black_wool":7,"minecraft:coal":193,"minecraft:diamond_pickaxe":2},"minecraft:custom":{"minecraft:mob_kills":47,"minecraft:animals_bred":45,"minecraft:interact_with_crafting_table":46,"minecraft:leave_game":3,"minecraft:time_since_death":185658,"minecraft:climb_one_cm":15637,"minecraft:sprint_one_cm":942111,"minecraft:walk_one_cm":956271,"minecraft:damage_blocked_by_shield":251,"minecraft:drop":15,"minecraft:play_time":251243,"minecraft:sneak_time":1019,"minecraft:deaths":5,"minecraft:walk_under_water_one_cm":22340,"minecraft:jump":3160,"minecraft:walk_on_water_one_cm":41963,"minecraft:total_world_time":251243,"minecraft:interact_with_furnace":44,"minecraft:sleep_in_bed":12,"minecraft:time_since_rest":560,"minecraft:damage_taken":2344,"minecraft:damage_dealt":6170,"minecraft:swim_one_cm":105077,"minecraft:fly_one_cm":643980,"minecraft:open_chest":134,"minecraft:crouch_one_cm":3000,"minecraft:fall_one_cm":79473},"minecraft:crafted":{"minecraft:oak_planks":200,"minecraft:cooked_chicken":1,"minecraft:furnace":10,"minecraft:bone_meal":39,"minecraft:cooked_mutton":1,"minecraft:diamond_helmet":1,"minecraft:diamond_leggings":1,"minecraft:ladder":15,"minecraft:iron_hoe":3,"minecraft:stone_pickaxe":1,"minecraft:chest":40,"minecraft:diamond_boots":1,"minecraft:cooked_beef":5,"minecraft:red_dye":1,"minecraft:item_frame":15,"minecraft:diamond_sword":1,"minecraft:cooked_porkchop":2,"minecraft:diamond_axe":1,"minecraft:crafting_table":3,"minecraft:spruce_planks":56,"minecraft:wooden_pickaxe":1,"minecraft:cobbled_deepslate_wall":192,"minecraft:golden_shovel":1,"minecraft:birch_planks":196,"minecraft:stone_axe":1,"minecraft:air":0,"minecraft:jungle_planks":12,"minecraft:blue_dye":1,"minecraft:iron_chestplate":1,"minecraft:book":1,"minecraft:yellow_dye":19,"minecraft:diamond_pickaxe":2,"minecraft:shield":1,"minecraft:white_dye":3,"minecraft:stick":212,"minecraft:iron_ingot":24,"minecraft:iron_pickaxe":2,"minecraft:writable_book":1,"minecraft:iron_shovel":3,"minecraft:light_gray_dye":3,"minecraft:white_bed":2,"minecraft:torch":32,"minecraft:shears":5,"minecraft:diamond_chestplate":1,"minecraft:jungle_sign":3}},"DataVersion":3953}