{"stats":{"minecraft:broken":{"minecraft:golden_helmet":1,"minecraft:shears":85,"minecraft:golden_shovel":1,"minecraft:iron_hoe":1,"minecraft:iron_pickaxe":1},"minecraft:used":{"minecraft:writable_book":2,"minecraft:iron_shovel":379,"minecraft:dispenser":1,"minecraft:ladder":7,"minecraft:chest":60,"minecraft:shield":10,"minecraft:stone":4,"minecraft:rotten_flesh":14,"minecraft:mutton":1,"minecraft:cocoa_beans":3,"minecraft:jungle_planks":2,"minecraft:carrot":1,"minecraft:tuff":1,"minecraft:obsidian":20,"minecraft:lava_bucket":1,"minecraft:item_frame":39,"minecraft:birch_trapdoor":2,"minecraft:magma_block":1,"minecraft:written_book":116,"minecraft:sweet_berries":77,"minecraft:furnace":31,"minecraft:cooked_cod":4,"minecraft:egg":3,"minecraft:diorite":2,"minecraft:spruce_door":1,"minecraft:cactus":9,"minecraft:oak_planks":5,"minecraft:stone_pickaxe":85,"minecraft:ender_pearl":1,"minecraft:wooden_pickaxe":11,"minecraft:sugar_cane":22,"minecraft:diamond_axe":395,"minecraft:white_wool":40,"minecraft:sand":14,"minecraft:light_blue_wool":2,"minecraft:shears":8,"minecraft:bread":15,"minecraft:gravel":2,"minecraft:lilac":1,"minecraft:jungle_sign":2,"minecraft:diamond_sword":976,"minecraft:grindstone":1,"minecraft:oak_boat":26,"minecraft:bone_meal":36,"minecraft:azalea":1,"minecraft:enchanting_table":1,"minecraft:stone_sword":5,"minecraft:flint_and_steel":43,"minecraft:cooked_salmon":2,"minecraft:cooked_chicken":1,"minecraft:netherrack":72,"minecraft:oak_door":4,"minecraft:torch":24,"minecraft:dirt":577,"minecraft:white_carpet":13,"minecraft:cobblestone_wall":211,"minecraft:golden_shovel":34,"minecraft:granite":2,"minecraft:iron_hoe":250,"minecraft:bookshelf":18,"minecraft:rooted_dirt":17,"minecraft:jungle_log":3,"minecraft:barrel":1,"minecraft:beef":2,"minecraft:cooked_beef":64,"minecraft:observer":2,"minecraft:cobbled_deepslate":363,"minecraft:cobbled_deepslate_wall":193,"minecraft:wheat_seeds":1372,"minecraft:cooked_mutton":124,"minecraft:water_bucket":10,"minecraft:blue_wool":6,"minecraft:birch_boat":4,"minecraft:cobblestone_slab":4,"minecraft:crafting_table":18,"minecraft:red_bed":1,"minecraft:birch_sign":7,"minecraft:white_bed":10,"minecraft:spruce_log":1,"minecraft:diamond_pickaxe":3445,"minecraft:diamond_shovel":89,"minecraft:chicken":1,"minecraft:iron_pickaxe":479,"minecraft:stone_axe":89,"minecraft:cobblestone":610,"minecraft:cooked_porkchop":11,"minecraft:bucket":11,"minecraft:gray_wool":8},"minecraft:mined":{"minecraft:white_bed":6,"minecraft:farmland":1,"minecraft:mossy_stone_brick_slab":2,"minecraft:jungle_leaves":121,"minecraft:brewing_stand":1,"minecraft:obsidian":24,"minecraft:granite":42,"minecraft:budding_amethyst":1,"minecraft:grass_block":457,"minecraft:jungle_log":13,"minecraft:blue_wool":1,"minecraft:oxeye_daisy":28,"minecraft:spawner":1,"minecraft:tall_seagrass":6,"minecraft:weeping_vines_plant":2,"minecraft:magma_block":1,"minecraft:iron_ore":208,"minecraft:cobbled_deepslate":8,"minecraft:pumpkin":1,"minecraft:deepslate_lapis_ore":25,"minecraft:azure_bluet":12,"minecraft:red_tulip":13,"minecraft:birch_wall_sign":1,"minecraft:deepslate_redstone_ore":87,"minecraft:red_bed":2,"minecraft:crimson_nylium":5,"minecraft:amethyst_cluster":3,"minecraft:torch":14,"minecraft:calcite":2,"minecraft:poppy":32,"minecraft:melon":3,"minecraft:chest":15,"minecraft:nether_quartz_ore":3,"minecraft:cobblestone":35,"minecraft:sugar_cane":106,"minecraft:wall_torch":1,"minecraft:amethyst_block":2,"minecraft:seagrass":5,"minecraft:birch_log":49,"minecraft:wheat":1355,"minecraft:birch_trapdoor":1,"minecraft:lilac":28,"minecraft:orange_tulip":42,"minecraft:oak_log":118,"minecraft:sand":13,"minecraft:dirt":153,"minecraft:red_mushroom_block":3,"minecraft:dispenser":1,"minecraft:netherrack":233,"minecraft:oak_leaves":44,"minecraft:deepslate":1014,"minecraft:tuff":116,"minecraft:deepslate_diamond_ore":88,"minecraft:oak_door":1,"minecraft:glow_lichen":1,"minecraft:allium":3,"minecraft:crimson_roots":1,"minecraft:spruce_leaves":1,"minecraft:kelp":3,"minecraft:rooted_dirt":18,"minecraft:large_fern":5,"minecraft:redstone_ore":14,"minecraft:furnace":21,"minecraft:carrots":4,"minecraft:andesite":57,"minecraft:peony":36,"minecraft:mossy_stone_brick_stairs":1,"minecraft:bookshelf":4,"minecraft:potatoes":3,"minecraft:deepslate_iron_ore":76,"minecraft:cobblestone_slab":3,"minecraft:vine":4,"minecraft:bamboo":4,"minecraft:stone":1414,"minecraft:white_wool":15,"minecraft:lily_of_the_valley":91,"minecraft:observer":2,"minecraft:spruce_door":1,"minecraft:dandelion":126,"minecraft:cobbled_deepslate_wall":72,"minecraft:crafting_table":10,"minecraft:cornflower":3,"minecraft:short_grass":461,"minecraft:warped_roots":2,"minecraft:rose_bush":42,"minecraft:tall_grass":40,"minecraft:copper_ore":14,"minecraft:deepslate_gold_ore":7,"minecraft:lapis_ore":16,"minecraft:diorite":45,"minecraft:gray_wool":3,"minecraft:cactus":38,"minecraft:cobblestone_wall":42,"minecraft:sweet_berry_bush":36,"minecraft:white_carpet":3,"minecraft:spruce_log":14,"minecraft:birch_leaves":6,"minecraft:coal_ore":152,"minecraft:cocoa":7,"minecraft:gravel":53,"minecraft:stone_bricks":2,"minecraft:fern":18},"minecraft:killed":{"minecraft:spider":4,"minecraft:skeleton":6,"minecraft:chicken":5,"minecraft:pig":4,"minecraft:creeper":2,"minecraft:sheep":376,"minecraft:trader_llama":2,"minecraft:pillager":1,"minecraft:zombie":29,"minecraft:cow":40,"minecraft:armadillo":2,"minecraft:horse":15,"minecraft:drowned":1,"minecraft:wandering_trader":1,"minecraft:squid":41,"minecraft:enderman":3},"minecraft:dropped":{"minecraft:short_grass":4,"minecraft:cooked_beef":15,"minecraft:diamond":17,"minecraft:iron_pickaxe":1,"minecraft:gravel":1,"minecraft:cobbled_deepslate":5,"minecraft:beetroot_seeds":4,"minecraft:written_book":2,"minecraft:wheat_seeds":343,"minecraft:cyan_dye":1,"minecraft:diamond_leggings":2,"minecraft:iron_helmet":2,"minecraft:feather":2,"minecraft:stick":2,"minecraft:diorite":9,"minecraft:iron_leggings":1,"minecraft:kelp":2,"minecraft:stone_sword":2,"minecraft:iron_boots":1,"minecraft:shears":2,"minecraft:flint_and_steel":1,"minecraft:shield":1,"minecraft:diamond_chestplate":1,"minecraft:diamond_pickaxe":5,"minecraft:iron_chestplate":1,"minecraft:diamond_boots":2,"minecraft:calcite":2},"minecraft:picked_up":{"minecraft:iron_chestplate":2,"minecraft:wheat":1246,"minecraft:suspicious_stew":1,"minecraft:yellow_wool":585,"minecraft:lead":2,"minecraft:potion":1,"minecraft:brewing_stand":1,"minecraft:amethyst_block":6,"minecraft:string":4,"minecraft:raw_copper":92,"minecraft:cooked_salmon":2,"minecraft:diamond_leggings":2,"minecraft:cobbled_deepslate":1576,"minecraft:bucket":3,"minecraft:spruce_planks":83,"minecraft:red_dye":1,"minecraft:rose_bush":41,"minecraft:written_book":2,"minecraft:cobblestone_slab":4,"minecraft:calcite":2,"minecraft:azalea":1,"minecraft:melon_slice":16,"minecraft:furnace":25,"minecraft:blue_wool":1333,"minecraft:stick":14,"minecraft:birch_trapdoor":1,"minecraft:torch":29,"minecraft:porkchop":22,"minecraft:diorite":45,"minecraft:stone_sword":2,"minecraft:cactus":51,"minecraft:rotten_flesh":51,"minecraft:light_blue_wool":2791,"minecraft:blue_dye":1,"minecraft:red_tulip":12,"minecraft:obsidian":24,"minecraft:cobblestone":1846,"minecraft:enchanting_table":1,"minecraft:birch_log":49,"minecraft:magma_block":1,"minecraft:feather":6,"minecraft:lilac":28,"minecraft:andesite":52,"minecraft:jungle_log":16,"minecraft:potato":3,"minecraft:flint":10,"minecraft:tuff":113,"minecraft:light_gray_dye":3,"minecraft:lapis_lazuli":259,"minecraft:dirt":660,"minecraft:name_tag":3,"minecraft:bone":45,"minecraft:orange_tulip":39,"minecraft:cobbled_deepslate_wall":75,"minecraft:wheat_seeds":3520,"minecraft:raw_gold":14,"minecraft:bamboo":23,"minecraft:oak_planks":1,"minecraft:mossy_stone_brick_stairs":1,"minecraft:sand":23,"minecraft:ink_sac":80,"minecraft:lily_of_the_valley":89,"minecraft:iron_hoe":1,"minecraft:dispenser":1,"minecraft:diamond":119,"minecraft:granite":44,"minecraft:cyan_dye":1,"minecraft:bread":2,"minecraft:rooted_dirt":17,"minecraft:oak_sapling":2,"minecraft:netherrack":234,"minecraft:crimson_roots":2,"minecraft:diamond_pickaxe":6,"minecraft:cocoa_beans":34,"minecraft:crafting_table":12,"minecraft:allium":3,"minecraft:azure_bluet":12,"minecraft:chicken":7,"minecraft:ladder":11,"minecraft:wooden_pickaxe":3,"minecraft:pink_wool":1177,"minecraft:shield":2,"minecraft:cornflower":3,"minecraft:red_bed":1,"minecraft:item_frame":23,"minecraft:white_carpet":9,"minecraft:iron_shovel":2,"minecraft:beef":104,"minecraft:oak_boat":25,"minecraft:cyan_wool":582,"minecraft:jungle_sapling":8,"minecraft:observer":2,"minecraft:poppy":32,"minecraft:light_gray_wool":2612,"minecraft:sugar_cane":181,"minecraft:chest":20,"minecraft:egg":13,"minecraft:raw_iron":310,"minecraft:oak_door":1,"minecraft:copper_ingot":6,"minecraft:carrot":7,"minecraft:redstone":540,"minecraft:iron_horse_armor":5,"minecraft:prismarine_crystals":2,"minecraft:diamond_chestplate":1,"minecraft:arrow":6,"minecraft:cooked_cod":4,"minecraft:beetroot_seeds":16,"minecraft:peony":36,"minecraft:shears":2,"minecraft:diamond_boots":2,"minecraft:saddle":3,"minecraft:gold_ingot":5,"minecraft:mutton":569,"minecraft:white_wool":22275,"minecraft:oxeye_daisy":28,"minecraft:leather":64,"minecraft:yellow_dye":19,"minecraft:red_mushroom":2,"minecraft:filled_map":3,"minecraft:crimson_fungus":1,"minecraft:oak_log":118,"minecraft:gunpowder":14,"minecraft:cobblestone_wall":42,"minecraft:paper":27,"minecraft:cooked_mutton":10,"minecraft:stone_bricks":2,"minecraft:kelp":5,"minecraft:heart_of_the_sea":1,"minecraft:iron_ingot":16,"minecraft:stone_pickaxe":4,"minecraft:cooked_chicken":2,"minecraft:book":12,"minecraft:birch_boat":3,"minecraft:pumpkin":1,"minecraft:sweet_berries":128,"minecraft:quartz":3,"minecraft:dandelion":118,"minecraft:gravel":68,"minecraft:amethyst_shard":56,"minecraft:white_bed":6,"minecraft:spruce_log":19,"minecraft:spruce_door":1,"minecraft:mossy_stone_brick_slab":2,"minecraft:spider_eye":2,"minecraft:stone_axe":4,"minecraft:short_grass":5,"minecraft:iron_helmet":1,"minecraft:birch_sign":1,"minecraft:gray_wool":4461,"minecraft:warped_roots":3,"minecraft:black_wool":4616,"minecraft:warped_nylium":2,"minecraft:coal":265,"minecraft:ender_pearl":1},"minecraft:killed_by":{"minecraft:drowned":3},"minecraft:custom":{"minecraft:animals_bred":577,"minecraft:interact_with_crafting_table":123,"minecraft:open_barrel":29,"minecraft:leave_game":28,"minecraft:time_since_death":1226949,"minecraft:sprint_one_cm":6861925,"minecraft:damage_blocked_by_shield":310,"minecraft:drop":52,"minecraft:talked_to_villager":7,"minecraft:play_time":1292534,"minecraft:deaths":5,"minecraft:jump":15224,"minecraft:walk_on_water_one_cm":115017,"minecraft:enchant_item":19,"minecraft:interact_with_furnace":131,"minecraft:sleep_in_bed":59,"minecraft:damage_dealt":53986,"minecraft:player_kills":8,"minecraft:crouch_one_cm":17859,"minecraft:inspect_dispenser":12,"minecraft:interact_with_anvil":1,"minecraft:mob_kills":534,"minecraft:climb_one_cm":94112,"minecraft:walk_one_cm":8747144,"minecraft:sneak_time":6049,"minecraft:walk_under_water_one_cm":100952,"minecraft:boat_one_cm":1442660,"minecraft:total_world_time":1292534,"minecraft:interact_with_grindstone":10,"minecraft:time_since_rest":8963,"minecraft:damage_taken":9074,"minecraft:swim_one_cm":404349,"minecraft:fly_one_cm":2954467,"minecraft:open_chest":962,"minecraft:fall_one_cm":375205},"minecraft:crafted":{"minecraft:black_dye":79,"minecraft:grindstone":1,"minecraft:oak_planks":472,"minecraft:cobblestone_slab":6,"minecraft:barrel":1,"minecraft:birch_boat":2,"minecraft:cooked_chicken":1,"minecraft:stone":68,"minecraft:diamond_shovel":1,"minecraft:bookshelf":18,"minecraft:cooked_mutton":282,"minecraft:green_dye":42,"minecraft:diamond_helmet":2,"minecraft:bow":1,"minecraft:diamond_leggings":2,"minecraft:iron_boots":1,"minecraft:chest":49,"minecraft:magenta_dye":57,"minecraft:item_frame":15,"minecraft:oak_slab":6,"minecraft:cooked_porkchop":11,"minecraft:diamond_axe":1,"minecraft:crafting_table":10,"minecraft:spruce_planks":72,"minecraft:wooden_pickaxe":1,"minecraft:iron_helmet":1,"minecraft:brown_dye":24,"minecraft:cobbled_deepslate_wall":252,"minecraft:birch_planks":236,"minecraft:dispenser":1,"minecraft:iron_chestplate":1,"minecraft:book":54,"minecraft:paper":156,"minecraft:diamond_pickaxe":5,"minecraft:yellow_dye":118,"minecraft:purple_dye":46,"minecraft:shield":3,"minecraft:stone_slab":6,"minecraft:stick":228,"minecraft:light_blue_dye":122,"minecraft:iron_ingot":273,"minecraft:iron_pickaxe":2,"minecraft:light_gray_dye":41,"minecraft:shears":97,"minecraft:jungle_sign":3,"minecraft:oak_door":3,"minecraft:furnace":10,"minecraft:gray_dye":104,"minecraft:bone_meal":57,"minecraft:pink_dye":72,"minecraft:white_carpet":12,"minecraft:ladder":15,"minecraft:iron_hoe":3,"minecraft:stone_pickaxe":1,"minecraft:cobblestone_wall":378,"minecraft:diamond_boots":2,"minecraft:golden_helmet":1,"minecraft:birch_sign":6,"minecraft:observer":2,"minecraft:cooked_beef":67,"minecraft:red_dye":121,"minecraft:diamond_sword":2,"minecraft:cyan_dye":82,"minecraft:enchanting_table":1,"minecraft:golden_shovel":1,"minecraft:stone_axe":1,"minecraft:orange_dye":63,"minecraft:bread":8,"minecraft:air":0,"minecraft:jungle_planks":12,"minecraft:blue_dye":234,"minecraft:oak_boat":4,"minecraft:white_dye":126,"minecraft:birch_trapdoor":2,"minecraft:writable_book":1,"minecraft:iron_shovel":3,"minecraft:iron_leggings":1,"minecraft:white_bed":5,"minecraft:torch":32,"minecraft:diamond_chestplate":2}},"DataVersion":3953}