{"stats":{"minecraft:used":{"minecraft:writable_book":2,"minecraft:iron_shovel":379,"minecraft:ladder":7,"minecraft:chest":57,"minecraft:shield":10,"minecraft:stone":1,"minecraft:rotten_flesh":14,"minecraft:mutton":1,"minecraft:cocoa_beans":3,"minecraft:jungle_planks":2,"minecraft:carrot":1,"minecraft:tuff":1,"minecraft:obsidian":20,"minecraft:lava_bucket":1,"minecraft:item_frame":39,"minecraft:birch_trapdoor":2,"minecraft:magma_block":1,"minecraft:written_book":28,"minecraft:sweet_berries":77,"minecraft:furnace":31,"minecraft:cooked_cod":4,"minecraft:egg":1,"minecraft:diorite":2,"minecraft:spruce_door":1,"minecraft:oak_planks":1,"minecraft:stone_pickaxe":85,"minecraft:ender_pearl":1,"minecraft:wooden_pickaxe":11,"minecraft:sugar_cane":11,"minecraft:diamond_axe":352,"minecraft:white_wool":15,"minecraft:sand":1,"minecraft:shears":6,"minecraft:bread":15,"minecraft:lilac":1,"minecraft:jungle_sign":2,"minecraft:diamond_sword":240,"minecraft:oak_boat":2,"minecraft:bone_meal":36,"minecraft:azalea":1,"minecraft:enchanting_table":1,"minecraft:stone_sword":5,"minecraft:flint_and_steel":43,"minecraft:cooked_salmon":2,"minecraft:cooked_chicken":1,"minecraft:netherrack":72,"minecraft:oak_door":4,"minecraft:torch":24,"minecraft:dirt":552,"minecraft:cobblestone_wall":132,"minecraft:golden_shovel":34,"minecraft:granite":2,"minecraft:iron_hoe":250,"minecraft:bookshelf":5,"minecraft:rooted_dirt":17,"minecraft:jungle_log":3,"minecraft:beef":2,"minecraft:cooked_beef":39,"minecraft:cobbled_deepslate":289,"minecraft:cobbled_deepslate_wall":138,"minecraft:wheat_seeds":534,"minecraft:cooked_mutton":18,"minecraft:water_bucket":10,"minecraft:birch_boat":4,"minecraft:crafting_table":15,"minecraft:red_bed":1,"minecraft:birch_sign":7,"minecraft:white_bed":6,"minecraft:diamond_pickaxe":2387,"minecraft:diamond_shovel":89,"minecraft:chicken":1,"minecraft:iron_pickaxe":479,"minecraft:stone_axe":89,"minecraft:cobblestone":452,"minecraft:cooked_porkchop":2,"minecraft:bucket":11},"minecraft:killed":{"minecraft:spider":1,"minecraft:skeleton":6,"minecraft:chicken":5,"minecraft:pig":4,"minecraft:creeper":1,"minecraft:sheep":12,"minecraft:pillager":1,"minecraft:zombie":25,"minecraft:cow":40,"minecraft:horse":15,"minecraft:squid":15,"minecraft:enderman":3},"minecraft:broken":{"minecraft:golden_helmet":1,"minecraft:shears":9,"minecraft:golden_shovel":1,"minecraft:iron_hoe":1,"minecraft:iron_pickaxe":1},"minecraft:picked_up":{"minecraft:iron_chestplate":2,"minecraft:wheat":299,"minecraft:suspicious_stew":1,"minecraft:potion":1,"minecraft:brewing_stand":1,"minecraft:amethyst_block":6,"minecraft:cooked_salmon":2,"minecraft:raw_copper":89,"minecraft:cobbled_deepslate":1425,"minecraft:bucket":3,"minecraft:spruce_planks":83,"minecraft:red_dye":1,"minecraft:rose_bush":17,"minecraft:written_book":2,"minecraft:calcite":2,"minecraft:azalea":1,"minecraft:furnace":25,"minecraft:stick":14,"minecraft:birch_trapdoor":1,"minecraft:torch":28,"minecraft:porkchop":22,"minecraft:diorite":21,"minecraft:stone_sword":2,"minecraft:rotten_flesh":33,"minecraft:blue_dye":1,"minecraft:obsidian":24,"minecraft:cobblestone":1466,"minecraft:enchanting_table":1,"minecraft:birch_log":49,"minecraft:magma_block":1,"minecraft:feather":6,"minecraft:lilac":20,"minecraft:andesite":11,"minecraft:jungle_log":9,"minecraft:potato":3,"minecraft:flint":9,"minecraft:tuff":63,"minecraft:light_gray_dye":3,"minecraft:lapis_lazuli":91,"minecraft:dirt":625,"minecraft:name_tag":3,"minecraft:bone":43,"minecraft:cobbled_deepslate_wall":22,"minecraft:wheat_seeds":842,"minecraft:raw_gold":14,"minecraft:oak_planks":1,"minecraft:mossy_stone_brick_stairs":1,"minecraft:sand":19,"minecraft:ink_sac":30,"minecraft:lily_of_the_valley":45,"minecraft:iron_hoe":1,"minecraft:diamond":93,"minecraft:granite":40,"minecraft:bread":2,"minecraft:rooted_dirt":17,"minecraft:oak_sapling":1,"minecraft:netherrack":234,"minecraft:crimson_roots":2,"minecraft:diamond_pickaxe":6,"minecraft:cocoa_beans":16,"minecraft:crafting_table":11,"minecraft:azure_bluet":3,"minecraft:chicken":7,"minecraft:ladder":11,"minecraft:wooden_pickaxe":3,"minecraft:shield":2,"minecraft:cornflower":1,"minecraft:red_bed":1,"minecraft:item_frame":23,"minecraft:iron_shovel":2,"minecraft:beef":104,"minecraft:oak_boat":2,"minecraft:jungle_sapling":8,"minecraft:poppy":2,"minecraft:sugar_cane":11,"minecraft:chest":20,"minecraft:egg":11,"minecraft:raw_iron":136,"minecraft:oak_door":1,"minecraft:copper_ingot":5,"minecraft:carrot":4,"minecraft:redstone":450,"minecraft:iron_horse_armor":5,"minecraft:prismarine_crystals":2,"minecraft:arrow":4,"minecraft:cooked_cod":4,"minecraft:beetroot_seeds":16,"minecraft:peony":16,"minecraft:shears":2,"minecraft:saddle":3,"minecraft:gold_ingot":5,"minecraft:mutton":21,"minecraft:white_wool":5059,"minecraft:oxeye_daisy":18,"minecraft:leather":63,"minecraft:yellow_dye":19,"minecraft:filled_map":3,"minecraft:crimson_fungus":1,"minecraft:oak_log":110,"minecraft:gunpowder":14,"minecraft:cobblestone_wall":5,"minecraft:paper":22,"minecraft:cooked_mutton":10,"minecraft:stone_bricks":2,"minecraft:kelp":3,"minecraft:heart_of_the_sea":1,"minecraft:iron_ingot":16,"minecraft:stone_pickaxe":4,"minecraft:cooked_chicken":2,"minecraft:book":12,"minecraft:birch_boat":3,"minecraft:sweet_berries":128,"minecraft:quartz":3,"minecraft:dandelion":27,"minecraft:gravel":56,"minecraft:amethyst_shard":56,"minecraft:white_bed":2,"minecraft:spruce_log":19,"minecraft:mossy_stone_brick_slab":2,"minecraft:spruce_door":1,"minecraft:stone_axe":4,"minecraft:short_grass":5,"minecraft:iron_helmet":1,"minecraft:birch_sign":1,"minecraft:warped_roots":3,"minecraft:black_wool":7,"minecraft:warped_nylium":2,"minecraft:coal":212,"minecraft:ender_pearl":1},"minecraft:killed_by":{"minecraft:drowned":3},"minecraft:dropped":{"minecraft:short_grass":4,"minecraft:cooked_beef":15,"minecraft:diamond":17,"minecraft:iron_pickaxe":1,"minecraft:gravel":1,"minecraft:cobbled_deepslate":5,"minecraft:beetroot_seeds":4,"minecraft:written_book":2,"minecraft:wheat_seeds":6,"minecraft:iron_helmet":2,"minecraft:feather":2,"minecraft:stick":2,"minecraft:diorite":9,"minecraft:iron_leggings":1,"minecraft:stone_sword":2,"minecraft:iron_boots":1,"minecraft:shears":2,"minecraft:flint_and_steel":1,"minecraft:shield":1,"minecraft:iron_chestplate":1,"minecraft:diamond_pickaxe":5,"minecraft:calcite":2},"minecraft:mined":{"minecraft:white_bed":2,"minecraft:farmland":1,"minecraft:mossy_stone_brick_slab":2,"minecraft:jungle_leaves":120,"minecraft:brewing_stand":1,"minecraft:obsidian":24,"minecraft:granite":38,"minecraft:budding_amethyst":1,"minecraft:grass_block":451,"minecraft:jungle_log":6,"minecraft:oxeye_daisy":18,"minecraft:spawner":1,"minecraft:tall_seagrass":4,"minecraft:weeping_vines_plant":2,"minecraft:magma_block":1,"minecraft:iron_ore":60,"minecraft:cobbled_deepslate":7,"minecraft:deepslate_lapis_ore":7,"minecraft:azure_bluet":3,"minecraft:birch_wall_sign":1,"minecraft:deepslate_redstone_ore":87,"minecraft:red_bed":2,"minecraft:crimson_nylium":5,"minecraft:amethyst_cluster":3,"minecraft:torch":13,"minecraft:calcite":2,"minecraft:poppy":2,"minecraft:chest":15,"minecraft:nether_quartz_ore":3,"minecraft:cobblestone":26,"minecraft:sugar_cane":6,"minecraft:wall_torch":1,"minecraft:amethyst_block":2,"minecraft:seagrass":2,"minecraft:birch_log":49,"minecraft:wheat":302,"minecraft:birch_trapdoor":1,"minecraft:lilac":20,"minecraft:oak_log":110,"minecraft:sand":9,"minecraft:dirt":135,"minecraft:netherrack":233,"minecraft:oak_leaves":20,"minecraft:deepslate":862,"minecraft:tuff":66,"minecraft:deepslate_diamond_ore":62,"minecraft:oak_door":1,"minecraft:glow_lichen":1,"minecraft:crimson_roots":1,"minecraft:spruce_leaves":1,"minecraft:kelp":3,"minecraft:rooted_dirt":18,"minecraft:large_fern":5,"minecraft:redstone_ore":14,"minecraft:furnace":21,"minecraft:carrots":3,"minecraft:andesite":16,"minecraft:peony":16,"minecraft:mossy_stone_brick_stairs":1,"minecraft:bookshelf":4,"minecraft:potatoes":3,"minecraft:deepslate_iron_ore":50,"minecraft:vine":3,"minecraft:stone":1043,"minecraft:white_wool":2,"minecraft:lily_of_the_valley":45,"minecraft:spruce_door":1,"minecraft:dandelion":27,"minecraft:crafting_table":9,"minecraft:cobbled_deepslate_wall":20,"minecraft:cornflower":1,"minecraft:short_grass":362,"minecraft:warped_roots":2,"minecraft:rose_bush":17,"minecraft:tall_grass":25,"minecraft:copper_ore":13,"minecraft:lapis_ore":7,"minecraft:deepslate_gold_ore":7,"minecraft:diorite":21,"minecraft:cobblestone_wall":5,"minecraft:sweet_berry_bush":36,"minecraft:spruce_log":14,"minecraft:birch_leaves":5,"minecraft:coal_ore":102,"minecraft:cocoa":1,"minecraft:gravel":40,"minecraft:stone_bricks":2,"minecraft:fern":18},"minecraft:crafted":{"minecraft:black_dye":18,"minecraft:oak_planks":440,"minecraft:birch_boat":2,"minecraft:cooked_chicken":1,"minecraft:stone":4,"minecraft:diamond_shovel":1,"minecraft:bookshelf":5,"minecraft:cooked_mutton":8,"minecraft:diamond_helmet":1,"minecraft:diamond_leggings":1,"minecraft:iron_boots":1,"minecraft:chest":41,"minecraft:magenta_dye":38,"minecraft:item_frame":15,"minecraft:cooked_porkchop":2,"minecraft:diamond_axe":1,"minecraft:crafting_table":7,"minecraft:spruce_planks":56,"minecraft:wooden_pickaxe":1,"minecraft:iron_helmet":1,"minecraft:cobbled_deepslate_wall":192,"minecraft:birch_planks":236,"minecraft:iron_chestplate":1,"minecraft:book":6,"minecraft:purple_dye":22,"minecraft:diamond_pickaxe":4,"minecraft:yellow_dye":26,"minecraft:shield":2,"minecraft:stick":216,"minecraft:light_blue_dye":22,"minecraft:iron_ingot":99,"minecraft:iron_pickaxe":2,"minecraft:light_gray_dye":21,"minecraft:shears":30,"minecraft:jungle_sign":3,"minecraft:oak_door":3,"minecraft:furnace":10,"minecraft:bone_meal":39,"minecraft:pink_dye":32,"minecraft:ladder":15,"minecraft:iron_hoe":3,"minecraft:stone_pickaxe":1,"minecraft:cobblestone_wall":192,"minecraft:diamond_boots":1,"minecraft:golden_helmet":1,"minecraft:birch_sign":6,"minecraft:cooked_beef":42,"minecraft:red_dye":36,"minecraft:diamond_sword":1,"minecraft:enchanting_table":1,"minecraft:golden_shovel":1,"minecraft:stone_axe":1,"minecraft:orange_dye":24,"minecraft:bread":8,"minecraft:air":0,"minecraft:jungle_planks":12,"minecraft:blue_dye":44,"minecraft:oak_boat":1,"minecraft:white_dye":47,"minecraft:birch_trapdoor":2,"minecraft:writable_book":1,"minecraft:iron_shovel":3,"minecraft:iron_leggings":1,"minecraft:white_bed":4,"minecraft:torch":32,"minecraft:diamond_chestplate":1},"minecraft:custom":{"minecraft:animals_bred":133,"minecraft:interact_with_crafting_table":73,"minecraft:leave_game":14,"minecraft:time_since_death":458482,"minecraft:sprint_one_cm":2076658,"minecraft:damage_blocked_by_shield":310,"minecraft:drop":38,"minecraft:talked_to_villager":5,"minecraft:play_time":524067,"minecraft:deaths":5,"minecraft:jump":7377,"minecraft:walk_on_water_one_cm":81844,"minecraft:interact_with_furnace":70,"minecraft:sleep_in_bed":15,"minecraft:damage_dealt":20714,"minecraft:player_kills":8,"minecraft:crouch_one_cm":15813,"minecraft:mob_kills":130,"minecraft:climb_one_cm":38328,"minecraft:walk_one_cm":2252115,"minecraft:sneak_time":5457,"minecraft:walk_under_water_one_cm":68322,"minecraft:boat_one_cm":188332,"minecraft:total_world_time":524067,"minecraft:time_since_rest":125271,"minecraft:damage_taken":5302,"minecraft:swim_one_cm":238213,"minecraft:fly_one_cm":1388741,"minecraft:open_chest":355,"minecraft:fall_one_cm":183746}},"DataVersion":3953}