{"stats":{"minecraft:killed":{"minecraft:sheep":10,"minecraft:pig":2,"minecraft:chicken":7,"minecraft:cow":4},"minecraft:mined":{"minecraft:furnace":2,"minecraft:red_bed":3,"minecraft:spruce_log":24,"minecraft:birch_leaves":2,"minecraft:crafting_table":3,"minecraft:coal_ore":15,"minecraft:stone":35,"minecraft:oak_leaves":2},"minecraft:used":{"minecraft:cooked_mutton":4,"minecraft:wooden_axe":12,"minecraft:wooden_pickaxe":52,"minecraft:wooden_sword":44,"minecraft:sweet_berries":6,"minecraft:crafting_table":4,"minecraft:cooked_porkchop":2,"minecraft:red_bed":2,"minecraft:furnace":3,"minecraft:spruce_log":2},"minecraft:picked_up":{"minecraft:crafting_table":3,"minecraft:feather":10,"minecraft:chicken":7,"minecraft:sweet_berries":6,"minecraft:leather":2,"minecraft:porkchop":4,"minecraft:spruce_log":23,"minecraft:red_bed":3,"minecraft:spruce_planks":25,"minecraft:beef":9,"minecraft:light_gray_wool":1,"minecraft:coal":15,"minecraft:sugar_cane":2,"minecraft:black_wool":2,"minecraft:mutton":17,"minecraft:egg":4,"minecraft:white_wool":7,"minecraft:cobblestone":34,"minecraft:furnace":2},"minecraft:custom":{"minecraft:time_since_rest":3835,"minecraft:interact_with_furnace":54,"minecraft:sprint_one_cm":123764,"minecraft:damage_taken":190,"minecraft:walk_one_cm":59007,"minecraft:mob_kills":23,"minecraft:damage_dealt":1682,"minecraft:swim_one_cm":1396,"minecraft:interact_with_crafting_table":8,"minecraft:interact_with_cartography_table":1,"minecraft:fly_one_cm":203596,"minecraft:open_chest":12,"minecraft:crouch_one_cm":1056,"minecraft:play_time":29165,"minecraft:sneak_time":387,"minecraft:walk_under_water_one_cm":50,"minecraft:jump":856,"minecraft:walk_on_water_one_cm":262,"minecraft:time_since_death":29165,"minecraft:sleep_in_bed":2,"minecraft:total_world_time":29165,"minecraft:fall_one_cm":24188},"minecraft:crafted":{"minecraft:cooked_beef":8,"minecraft:wooden_sword":1,"minecraft:cooked_porkchop":4,"minecraft:crafting_table":1,"minecraft:stick":12,"minecraft:spruce_planks":56,"minecraft:wooden_pickaxe":1,"minecraft:wooden_axe":1,"minecraft:furnace":3,"minecraft:air":0,"minecraft:cooked_mutton":17}},"DataVersion":3953}