{"stats":{"minecraft:dropped":{"minecraft:crafting_table":1,"minecraft:stone_pickaxe":1},"minecraft:broken":{"minecraft:stone_pickaxe":1,"minecraft:wooden_sword":1,"minecraft:wooden_axe":2,"minecraft:wooden_pickaxe":3},"minecraft:killed":{"minecraft:pig":5,"minecraft:spider":1,"minecraft:sheep":15,"minecraft:zombie":1,"minecraft:chicken":7,"minecraft:cow":14},"minecraft:mined":{"minecraft:oak_slab":4,"minecraft:red_bed":3,"minecraft:dandelion":6,"minecraft:oak_fence":13,"minecraft:cornflower":1,"minecraft:crafting_table":6,"minecraft:ladder":1,"minecraft:granite":6,"minecraft:short_grass":117,"minecraft:grass_block":114,"minecraft:copper_ore":5,"minecraft:cobblestone":1,"minecraft:tall_grass":29,"minecraft:glass":2,"minecraft:oak_planks":10,"minecraft:lapis_ore":8,"minecraft:sugar_cane":4,"minecraft:oxeye_daisy":3,"minecraft:diorite":4,"minecraft:birch_planks":2,"minecraft:furnace":4,"minecraft:birch_log":13,"minecraft:spruce_log":24,"minecraft:birch_leaves":8,"minecraft:andesite":45,"minecraft:azure_bluet":1,"minecraft:coal_ore":23,"minecraft:oak_log":81,"minecraft:sand":41,"minecraft:dirt":56,"minecraft:stone":400,"minecraft:oak_leaves":17,"minecraft:deepslate":6,"minecraft:spruce_slab":11},"minecraft:picked_up":{"minecraft:birch_log":16,"minecraft:crafting_table":8,"minecraft:azure_bluet":1,"minecraft:feather":10,"minecraft:cooked_beef":16,"minecraft:chicken":7,"minecraft:ladder":8,"minecraft:andesite":57,"minecraft:leather":12,"minecraft:birch_planks":2,"minecraft:oak_log":79,"minecraft:lapis_lazuli":57,"minecraft:wooden_hoe":1,"minecraft:cornflower":1,"minecraft:string":2,"minecraft:dirt":142,"minecraft:red_bed":3,"minecraft:raw_copper":18,"minecraft:cooked_mutton":14,"minecraft:wheat_seeds":30,"minecraft:cobbled_deepslate":6,"minecraft:spruce_planks":25,"minecraft:beef":29,"minecraft:stone_pickaxe":2,"minecraft:wooden_shovel":1,"minecraft:light_gray_wool":1,"minecraft:spruce_slab":16,"minecraft:sugar_cane":6,"minecraft:birch_sapling":1,"minecraft:oak_planks":27,"minecraft:furnace":4,"minecraft:egg":5,"minecraft:oak_slab":21,"minecraft:stick":1,"minecraft:sweet_berries":6,"minecraft:oak_fence":12,"minecraft:dandelion":4,"minecraft:porkchop":10,"minecraft:sand":40,"minecraft:diorite":4,"minecraft:spruce_log":23,"minecraft:spruce_door":1,"minecraft:stone_sword":1,"minecraft:rotten_flesh":2,"minecraft:granite":6,"minecraft:oak_sapling":2,"minecraft:black_wool":2,"minecraft:mutton":22,"minecraft:coal":35,"minecraft:cobblestone":494,"minecraft:white_wool":12,"minecraft:wooden_axe":1,"minecraft:oxeye_daisy":1},"minecraft:used":{"minecraft:cooked_mutton":16,"minecraft:oak_fence":67,"minecraft:stone_sword":69,"minecraft:spruce_door":2,"minecraft:birch_planks":15,"minecraft:stone_shovel":83,"minecraft:stone_pickaxe":342,"minecraft:spruce_slab":88,"minecraft:ladder":60,"minecraft:oak_planks":68,"minecraft:chest":4,"minecraft:cobblestone_slab":83,"minecraft:wooden_shovel":56,"minecraft:spruce_planks":7,"minecraft:sugar_cane":6,"minecraft:wooden_pickaxe":177,"minecraft:rotten_flesh":2,"minecraft:torch":15,"minecraft:dirt":34,"minecraft:oak_slab":14,"minecraft:crafting_table":7,"minecraft:red_bed":3,"minecraft:spruce_log":2,"minecraft:oak_fence_gate":1,"minecraft:glass":40,"minecraft:wooden_axe":161,"minecraft:oak_pressure_plate":4,"minecraft:stone_axe":1,"minecraft:wooden_sword":56,"minecraft:cobblestone":16,"minecraft:sweet_berries":6,"minecraft:furnace":8,"minecraft:cooked_porkchop":3,"minecraft:cooked_beef":3},"minecraft:custom":{"minecraft:interact_with_furnace":136,"minecraft:mob_kills":43,"minecraft:interact_with_crafting_table":34,"minecraft:interact_with_cartography_table":1,"minecraft:leave_game":2,"minecraft:time_since_death":0,"minecraft:sleep_in_bed":7,"minecraft:climb_one_cm":45928,"minecraft:time_since_rest":116,"minecraft:sprint_one_cm":355329,"minecraft:damage_taken":1375,"minecraft:walk_one_cm":260146,"minecraft:drop":2,"minecraft:damage_dealt":3866,"minecraft:swim_one_cm":7164,"minecraft:fly_one_cm":558303,"minecraft:open_chest":94,"minecraft:crouch_one_cm":18079,"minecraft:play_time":133787,"minecraft:deaths":2,"minecraft:sneak_time":5614,"minecraft:walk_under_water_one_cm":545,"minecraft:jump":2534,"minecraft:walk_on_water_one_cm":11553,"minecraft:fall_one_cm":72553,"minecraft:total_world_time":133787},"minecraft:crafted":{"minecraft:cooked_beef":29,"minecraft:wooden_sword":1,"minecraft:oak_slab":30,"minecraft:oak_planks":316,"minecraft:wooden_shovel":2,"minecraft:cobblestone_slab":90,"minecraft:stone_shovel":1,"minecraft:cooked_porkchop":10,"minecraft:crafting_table":2,"minecraft:spruce_planks":84,"minecraft:wooden_pickaxe":4,"minecraft:oak_pressure_plate":4,"minecraft:spruce_door":2,"minecraft:furnace":4,"minecraft:birch_planks":40,"minecraft:stone_axe":1,"minecraft:cooked_mutton":22,"minecraft:air":0,"minecraft:oak_fence_gate":1,"minecraft:glass":40,"minecraft:wooden_hoe":1,"minecraft:ladder":66,"minecraft:spruce_slab":72,"minecraft:stick":236,"minecraft:stone_pickaxe":4,"minecraft:wooden_axe":3,"minecraft:stone_sword":2,"minecraft:chest":4,"minecraft:torch":24,"minecraft:oak_fence":57},"minecraft:killed_by":{"minecraft:zombie":1}},"DataVersion":3953}