{"stats":{"minecraft:killed":{"minecraft:sheep":15,"minecraft:pig":5,"minecraft:chicken":7,"minecraft:cow":14},"minecraft:mined":{"minecraft:furnace":4,"minecraft:red_bed":3,"minecraft:spruce_log":24,"minecraft:dandelion":1,"minecraft:birch_leaves":3,"minecraft:azure_bluet":1,"minecraft:crafting_table":5,"minecraft:short_grass":13,"minecraft:oak_log":16,"minecraft:grass_block":14,"minecraft:coal_ore":15,"minecraft:tall_grass":2,"minecraft:oak_planks":6,"minecraft:stone":35,"minecraft:oak_leaves":4},"minecraft:broken":{"minecraft:wooden_sword":1},"minecraft:used":{"minecraft:cooked_mutton":5,"minecraft:wooden_axe":37,"minecraft:stone_sword":40,"minecraft:oak_planks":66,"minecraft:wooden_pickaxe":54,"minecraft:wooden_sword":56,"minecraft:dirt":9,"minecraft:sweet_berries":6,"minecraft:crafting_table":6,"minecraft:cooked_porkchop":3,"minecraft:red_bed":3,"minecraft:furnace":8,"minecraft:spruce_log":2},"minecraft:picked_up":{"minecraft:azure_bluet":1,"minecraft:crafting_table":5,"minecraft:feather":10,"minecraft:chicken":7,"minecraft:sweet_berries":6,"minecraft:leather":12,"minecraft:dandelion":1,"minecraft:porkchop":10,"minecraft:oak_log":15,"minecraft:spruce_log":23,"minecraft:dirt":14,"minecraft:red_bed":3,"minecraft:wheat_seeds":2,"minecraft:spruce_planks":25,"minecraft:beef":29,"minecraft:oak_planks":6,"minecraft:light_gray_wool":1,"minecraft:coal":28,"minecraft:sugar_cane":2,"minecraft:black_wool":2,"minecraft:mutton":22,"minecraft:egg":4,"minecraft:white_wool":12,"minecraft:cobblestone":34,"minecraft:furnace":4},"minecraft:custom":{"minecraft:time_since_rest":736,"minecraft:interact_with_furnace":57,"minecraft:sprint_one_cm":189278,"minecraft:damage_taken":290,"minecraft:walk_one_cm":88764,"minecraft:mob_kills":41,"minecraft:damage_dealt":3382,"minecraft:swim_one_cm":2764,"minecraft:interact_with_crafting_table":11,"minecraft:interact_with_cartography_table":1,"minecraft:fly_one_cm":269961,"minecraft:open_chest":12,"minecraft:crouch_one_cm":2072,"minecraft:play_time":41165,"minecraft:sneak_time":683,"minecraft:walk_under_water_one_cm":191,"minecraft:jump":1262,"minecraft:walk_on_water_one_cm":2450,"minecraft:time_since_death":41165,"minecraft:sleep_in_bed":3,"minecraft:total_world_time":41165,"minecraft:fall_one_cm":35188},"minecraft:crafted":{"minecraft:cooked_beef":9,"minecraft:wooden_sword":1,"minecraft:oak_planks":60,"minecraft:wooden_shovel":1,"minecraft:cooked_porkchop":4,"minecraft:crafting_table":1,"minecraft:stick":12,"minecraft:spruce_planks":56,"minecraft:wooden_pickaxe":1,"minecraft:wooden_axe":1,"minecraft:stone_sword":1,"minecraft:furnace":4,"minecraft:air":0,"minecraft:cooked_mutton":17}},"DataVersion":3953}