{"stats":{"minecraft:dropped":{"minecraft:crafting_table":1,"minecraft:diamond_pickaxe":2,"minecraft:stone_pickaxe":1},"minecraft:broken":{"minecraft:wooden_pickaxe":3,"minecraft:stone_pickaxe":1,"minecraft:wooden_sword":1,"minecraft:wooden_axe":2},"minecraft:killed":{"minecraft:spider":1,"minecraft:chicken":7,"minecraft:pig":5,"minecraft:sheep":15,"minecraft:zombie":1,"minecraft:cow":14},"minecraft:mined":{"minecraft:ladder":1,"minecraft:granite":6,"minecraft:grass_block":114,"minecraft:oxeye_daisy":3,"minecraft:furnace":4,"minecraft:andesite":45,"minecraft:azure_bluet":1,"minecraft:stone":400,"minecraft:spruce_slab":11,"minecraft:oak_slab":4,"minecraft:red_bed":3,"minecraft:dandelion":7,"minecraft:oak_fence":14,"minecraft:crafting_table":6,"minecraft:cornflower":1,"minecraft:short_grass":150,"minecraft:glass":2,"minecraft:tall_grass":63,"minecraft:copper_ore":5,"minecraft:cobblestone":1,"minecraft:lapis_ore":8,"minecraft:sugar_cane":4,"minecraft:oak_planks":11,"minecraft:diorite":4,"minecraft:birch_planks":2,"minecraft:birch_log":13,"minecraft:spruce_log":24,"minecraft:birch_leaves":8,"minecraft:oak_log":81,"minecraft:coal_ore":23,"minecraft:sand":41,"minecraft:dirt":56,"minecraft:oak_leaves":17,"minecraft:deepslate":6},"minecraft:picked_up":{"minecraft:wooden_axe":3,"minecraft:crafting_table":8,"minecraft:azure_bluet":1,"minecraft:chicken":7,"minecraft:ladder":8,"minecraft:cornflower":1,"minecraft:string":2,"minecraft:red_bed":4,"minecraft:raw_copper":18,"minecraft:cobbled_deepslate":6,"minecraft:spruce_planks":25,"minecraft:beef":29,"minecraft:wooden_shovel":1,"minecraft:spruce_slab":16,"minecraft:light_gray_wool":1,"minecraft:sugar_cane":6,"minecraft:birch_sapling":1,"minecraft:egg":5,"minecraft:furnace":4,"minecraft:stick":1,"minecraft:oak_fence":13,"minecraft:porkchop":10,"minecraft:diorite":4,"minecraft:stone_sword":1,"minecraft:rotten_flesh":2,"minecraft:mutton":22,"minecraft:white_wool":12,"minecraft:cobblestone":608,"minecraft:oxeye_daisy":1,"minecraft:birch_log":16,"minecraft:feather":10,"minecraft:cooked_beef":16,"minecraft:andesite":57,"minecraft:leather":12,"minecraft:birch_planks":2,"minecraft:oak_log":79,"minecraft:dirt":149,"minecraft:lapis_lazuli":57,"minecraft:wooden_hoe":2,"minecraft:cooked_mutton":14,"minecraft:wheat_seeds":34,"minecraft:stone_pickaxe":4,"minecraft:oak_planks":27,"minecraft:oak_slab":21,"minecraft:sweet_berries":6,"minecraft:dandelion":5,"minecraft:sand":40,"minecraft:spruce_log":23,"minecraft:spruce_door":2,"minecraft:granite":6,"minecraft:oak_sapling":2,"minecraft:black_wool":2,"minecraft:coal":35,"minecraft:diamond_pickaxe":3},"minecraft:used":{"minecraft:oak_fence":68,"minecraft:stone_sword":86,"minecraft:spruce_slab":88,"minecraft:stone_shovel":83,"minecraft:ladder":60,"minecraft:spruce_planks":7,"minecraft:chest":4,"minecraft:wooden_shovel":56,"minecraft:rotten_flesh":2,"minecraft:torch":15,"minecraft:dirt":34,"minecraft:oak_fence_gate":1,"minecraft:glass":40,"minecraft:wooden_axe":168,"minecraft:sweet_berries":6,"minecraft:furnace":8,"minecraft:cooked_beef":3,"minecraft:cooked_mutton":16,"minecraft:spruce_door":2,"minecraft:birch_planks":15,"minecraft:stone_pickaxe":344,"minecraft:oak_planks":68,"minecraft:wooden_pickaxe":177,"minecraft:sugar_cane":6,"minecraft:cobblestone_slab":83,"minecraft:oak_slab":14,"minecraft:crafting_table":7,"minecraft:red_bed":4,"minecraft:spruce_log":2,"minecraft:oak_pressure_plate":4,"minecraft:stone_axe":1,"minecraft:wooden_sword":56,"minecraft:cobblestone":23,"minecraft:cooked_porkchop":3},"minecraft:custom":{"minecraft:mob_kills":43,"minecraft:interact_with_crafting_table":34,"minecraft:leave_game":3,"minecraft:time_since_death":1089,"minecraft:climb_one_cm":51505,"minecraft:sprint_one_cm":434322,"minecraft:walk_one_cm":288618,"minecraft:drop":4,"minecraft:play_time":148960,"minecraft:deaths":12,"minecraft:sneak_time":6591,"minecraft:walk_under_water_one_cm":630,"minecraft:jump":3075,"minecraft:walk_on_water_one_cm":12240,"minecraft:total_world_time":148960,"minecraft:interact_with_furnace":136,"minecraft:interact_with_cartography_table":1,"minecraft:sleep_in_bed":8,"minecraft:time_since_rest":1117,"minecraft:damage_taken":4231,"minecraft:damage_dealt":4101,"minecraft:swim_one_cm":7616,"minecraft:fly_one_cm":689019,"minecraft:open_chest":119,"minecraft:crouch_one_cm":19796,"minecraft:fall_one_cm":101858},"minecraft:crafted":{"minecraft:wooden_sword":1,"minecraft:oak_planks":316,"minecraft:cobblestone_slab":90,"minecraft:stone_shovel":1,"minecraft:oak_pressure_plate":4,"minecraft:furnace":4,"minecraft:cooked_mutton":22,"minecraft:glass":40,"minecraft:ladder":66,"minecraft:spruce_slab":72,"minecraft:stone_pickaxe":4,"minecraft:chest":4,"minecraft:oak_fence":57,"minecraft:cooked_beef":29,"minecraft:oak_slab":30,"minecraft:wooden_shovel":2,"minecraft:cooked_porkchop":10,"minecraft:crafting_table":2,"minecraft:spruce_planks":84,"minecraft:wooden_pickaxe":4,"minecraft:spruce_door":2,"minecraft:birch_planks":52,"minecraft:stone_axe":1,"minecraft:air":0,"minecraft:oak_fence_gate":1,"minecraft:wooden_hoe":1,"minecraft:stick":240,"minecraft:wooden_axe":3,"minecraft:stone_sword":2,"minecraft:torch":24},"minecraft:killed_by":{"minecraft:player":5,"minecraft:skeleton":1,"minecraft:zombie":1}},"DataVersion":3953}