{"stats":{"minecraft:used":{"minecraft:oak_fence":68,"minecraft:stone_sword":109,"minecraft:spruce_slab":88,"minecraft:stone_shovel":83,"minecraft:ladder":60,"minecraft:chest":4,"minecraft:spruce_planks":7,"minecraft:iron_sword":30,"minecraft:wooden_shovel":56,"minecraft:rotten_flesh":2,"minecraft:torch":98,"minecraft:dirt":34,"minecraft:granite":2,"minecraft:oak_fence_gate":1,"minecraft:glass":40,"minecraft:wooden_axe":168,"minecraft:iron_axe":119,"minecraft:sweet_berries":6,"minecraft:furnace":8,"minecraft:cooked_beef":13,"minecraft:cobbled_deepslate":6,"minecraft:cooked_mutton":16,"minecraft:diorite":1,"minecraft:spruce_door":2,"minecraft:birch_planks":15,"minecraft:stone_pickaxe":344,"minecraft:oak_planks":68,"minecraft:wooden_pickaxe":177,"minecraft:cobblestone_slab":83,"minecraft:sugar_cane":6,"minecraft:oak_slab":14,"minecraft:crafting_table":8,"minecraft:red_bed":4,"minecraft:spruce_log":2,"minecraft:wooden_hoe":39,"minecraft:iron_pickaxe":304,"minecraft:oak_pressure_plate":4,"minecraft:stone_axe":1,"minecraft:wooden_sword":56,"minecraft:cobblestone":41,"minecraft:cooked_porkchop":3,"minecraft:andesite":5},"minecraft:killed":{"minecraft:spider":1,"minecraft:skeleton":1,"minecraft:chicken":7,"minecraft:pig":5,"minecraft:creeper":1,"minecraft:sheep":15,"minecraft:zombie":4,"minecraft:cow":14},"minecraft:broken":{"minecraft:wooden_pickaxe":3,"minecraft:stone_pickaxe":1,"minecraft:wooden_sword":1,"minecraft:wooden_axe":2,"minecraft:wooden_hoe":1},"minecraft:picked_up":{"minecraft:wooden_axe":3,"minecraft:crafting_table":9,"minecraft:azure_bluet":1,"minecraft:chicken":7,"minecraft:ladder":8,"minecraft:amethyst_block":1,"minecraft:cornflower":1,"minecraft:red_bed":4,"minecraft:string":2,"minecraft:raw_copper":173,"minecraft:cobbled_deepslate":21,"minecraft:spruce_planks":25,"minecraft:beef":29,"minecraft:wooden_shovel":1,"minecraft:spruce_slab":16,"minecraft:light_gray_wool":1,"minecraft:sugar_cane":6,"minecraft:birch_sapling":1,"minecraft:egg":5,"minecraft:furnace":4,"minecraft:stick":4,"minecraft:raw_iron":23,"minecraft:oak_fence":13,"minecraft:torch":1,"minecraft:porkchop":10,"minecraft:pointed_dripstone":7,"minecraft:diorite":18,"minecraft:stone_sword":3,"minecraft:rotten_flesh":5,"minecraft:mutton":22,"minecraft:white_wool":12,"minecraft:cobblestone":689,"minecraft:oxeye_daisy":1,"minecraft:birch_log":34,"minecraft:feather":10,"minecraft:cooked_beef":16,"minecraft:andesite":76,"minecraft:leather":12,"minecraft:birch_planks":2,"minecraft:oak_log":158,"minecraft:gunpowder":1,"minecraft:lapis_lazuli":73,"minecraft:wooden_hoe":2,"minecraft:dirt":150,"minecraft:cooked_mutton":14,"minecraft:wheat_seeds":38,"minecraft:stone_pickaxe":4,"minecraft:oak_planks":27,"minecraft:oak_slab":21,"minecraft:sweet_berries":6,"minecraft:dandelion":6,"minecraft:dripstone_block":9,"minecraft:sand":40,"minecraft:amethyst_shard":20,"minecraft:spruce_log":23,"minecraft:spruce_door":2,"minecraft:granite":27,"minecraft:oak_sapling":2,"minecraft:black_wool":2,"minecraft:coal":97,"minecraft:diamond_pickaxe":3},"minecraft:dropped":{"minecraft:crafting_table":1,"minecraft:stone_sword":1,"minecraft:diamond_pickaxe":2,"minecraft:stone_pickaxe":1},"minecraft:killed_by":{"minecraft:player":8,"minecraft:skeleton":1,"minecraft:zombie":1},"minecraft:mined":{"minecraft:large_amethyst_bud":3,"minecraft:glow_lichen":1,"minecraft:ladder":1,"minecraft:granite":27,"minecraft:grass_block":115,"minecraft:oxeye_daisy":3,"minecraft:furnace":4,"minecraft:iron_ore":20,"minecraft:andesite":65,"minecraft:azure_bluet":1,"minecraft:deepslate_iron_ore":3,"minecraft:small_amethyst_bud":1,"minecraft:stone":474,"minecraft:spruce_slab":11,"minecraft:oak_slab":4,"minecraft:red_bed":3,"minecraft:amethyst_cluster":6,"minecraft:dandelion":8,"minecraft:oak_fence":14,"minecraft:crafting_table":7,"minecraft:cornflower":2,"minecraft:torch":1,"minecraft:short_grass":162,"minecraft:glass":2,"minecraft:tall_grass":72,"minecraft:copper_ore":45,"minecraft:cobblestone":8,"minecraft:lapis_ore":11,"minecraft:sugar_cane":4,"minecraft:oak_planks":11,"minecraft:diorite":18,"minecraft:amethyst_block":1,"minecraft:deepslate_copper_ore":2,"minecraft:birch_planks":2,"minecraft:birch_log":31,"minecraft:spruce_log":24,"minecraft:birch_leaves":16,"minecraft:oak_log":161,"minecraft:coal_ore":87,"minecraft:dripstone_block":13,"minecraft:sand":41,"minecraft:dirt":56,"minecraft:oak_leaves":34,"minecraft:deepslate":14},"minecraft:crafted":{"minecraft:wooden_sword":1,"minecraft:oak_planks":376,"minecraft:cobblestone_slab":90,"minecraft:stone_shovel":1,"minecraft:oak_pressure_plate":4,"minecraft:furnace":4,"minecraft:cooked_mutton":22,"minecraft:glass":40,"minecraft:iron_axe":1,"minecraft:ladder":66,"minecraft:spruce_slab":72,"minecraft:stone_pickaxe":4,"minecraft:chest":4,"minecraft:oak_fence":57,"minecraft:cooked_beef":40,"minecraft:oak_slab":30,"minecraft:wooden_shovel":2,"minecraft:cooked_porkchop":10,"minecraft:crafting_table":3,"minecraft:spruce_planks":84,"minecraft:wooden_pickaxe":4,"minecraft:iron_sword":1,"minecraft:spruce_door":2,"minecraft:birch_planks":52,"minecraft:stone_axe":1,"minecraft:air":0,"minecraft:oak_fence_gate":1,"minecraft:wooden_hoe":1,"minecraft:stick":300,"minecraft:iron_ingot":13,"minecraft:iron_pickaxe":2,"minecraft:wooden_axe":3,"minecraft:stone_sword":4,"minecraft:torch":112},"minecraft:custom":{"minecraft:mob_kills":50,"minecraft:interact_with_crafting_table":46,"minecraft:leave_game":4,"minecraft:time_since_death":37539,"minecraft:climb_one_cm":58467,"minecraft:sprint_one_cm":587348,"minecraft:walk_one_cm":371812,"minecraft:drop":5,"minecraft:play_time":193400,"minecraft:deaths":15,"minecraft:sneak_time":9495,"minecraft:walk_under_water_one_cm":918,"minecraft:jump":4414,"minecraft:walk_on_water_one_cm":15949,"minecraft:total_world_time":193400,"minecraft:interact_with_furnace":170,"minecraft:interact_with_cartography_table":1,"minecraft:sleep_in_bed":8,"minecraft:time_since_rest":37565,"minecraft:damage_taken":5493,"minecraft:damage_dealt":6286,"minecraft:swim_one_cm":10578,"minecraft:fly_one_cm":900013,"minecraft:open_chest":161,"minecraft:crouch_one_cm":29608,"minecraft:fall_one_cm":142636}},"DataVersion":3953}