{"stats":{"minecraft:killed":{"minecraft:pig":5,"minecraft:sheep":15,"minecraft:chicken":7,"minecraft:cow":14},"minecraft:mined":{"minecraft:oak_slab":3,"minecraft:red_bed":3,"minecraft:dandelion":1,"minecraft:oak_fence":13,"minecraft:crafting_table":6,"minecraft:short_grass":98,"minecraft:grass_block":43,"minecraft:glass":2,"minecraft:tall_grass":29,"minecraft:sugar_cane":4,"minecraft:oak_planks":10,"minecraft:birch_planks":2,"minecraft:furnace":4,"minecraft:birch_log":13,"minecraft:spruce_log":24,"minecraft:andesite":7,"minecraft:birch_leaves":8,"minecraft:azure_bluet":1,"minecraft:coal_ore":15,"minecraft:oak_log":81,"minecraft:sand":41,"minecraft:dirt":20,"minecraft:stone":83,"minecraft:spruce_slab":10,"minecraft:oak_leaves":17},"minecraft:broken":{"minecraft:wooden_sword":1,"minecraft:wooden_axe":2},"minecraft:used":{"minecraft:oak_fence":67,"minecraft:cooked_mutton":7,"minecraft:stone_sword":49,"minecraft:spruce_door":2,"minecraft:birch_planks":15,"minecraft:spruce_slab":87,"minecraft:oak_planks":68,"minecraft:chest":4,"minecraft:spruce_planks":7,"minecraft:wooden_pickaxe":111,"minecraft:wooden_shovel":56,"minecraft:sugar_cane":6,"minecraft:torch":4,"minecraft:dirt":34,"minecraft:oak_slab":14,"minecraft:crafting_table":7,"minecraft:red_bed":3,"minecraft:oak_fence_gate":1,"minecraft:spruce_log":2,"minecraft:glass":40,"minecraft:wooden_axe":161,"minecraft:wooden_sword":56,"minecraft:sweet_berries":6,"minecraft:furnace":8,"minecraft:cooked_porkchop":3,"minecraft:cooked_beef":2},"minecraft:picked_up":{"minecraft:birch_log":13,"minecraft:crafting_table":6,"minecraft:feather":10,"minecraft:azure_bluet":1,"minecraft:chicken":7,"minecraft:andesite":7,"minecraft:leather":12,"minecraft:birch_planks":2,"minecraft:oak_log":79,"minecraft:dirt":39,"minecraft:red_bed":3,"minecraft:wheat_seeds":13,"minecraft:spruce_planks":25,"minecraft:beef":29,"minecraft:spruce_slab":15,"minecraft:light_gray_wool":1,"minecraft:sugar_cane":6,"minecraft:birch_sapling":1,"minecraft:oak_planks":10,"minecraft:furnace":4,"minecraft:egg":4,"minecraft:stick":1,"minecraft:oak_slab":2,"minecraft:sweet_berries":6,"minecraft:oak_fence":11,"minecraft:dandelion":1,"minecraft:porkchop":10,"minecraft:sand":40,"minecraft:spruce_log":23,"minecraft:oak_sapling":1,"minecraft:black_wool":2,"minecraft:mutton":22,"minecraft:coal":28,"minecraft:white_wool":12,"minecraft:cobblestone":82},"minecraft:custom":{"minecraft:interact_with_furnace":118,"minecraft:mob_kills":41,"minecraft:interact_with_cartography_table":1,"minecraft:interact_with_crafting_table":27,"minecraft:time_since_death":77165,"minecraft:sleep_in_bed":5,"minecraft:time_since_rest":9278,"minecraft:sprint_one_cm":253409,"minecraft:damage_taken":410,"minecraft:walk_one_cm":170870,"minecraft:damage_dealt":3457,"minecraft:swim_one_cm":4599,"minecraft:fly_one_cm":372848,"minecraft:open_chest":38,"minecraft:crouch_one_cm":11611,"minecraft:play_time":77165,"minecraft:sneak_time":3320,"minecraft:walk_under_water_one_cm":225,"minecraft:jump":1789,"minecraft:walk_on_water_one_cm":7878,"minecraft:total_world_time":77165,"minecraft:fall_one_cm":48240},"minecraft:crafted":{"minecraft:cooked_beef":25,"minecraft:wooden_sword":1,"minecraft:oak_slab":30,"minecraft:oak_planks":316,"minecraft:wooden_shovel":2,"minecraft:cooked_porkchop":10,"minecraft:crafting_table":2,"minecraft:spruce_planks":84,"minecraft:wooden_pickaxe":4,"minecraft:spruce_door":2,"minecraft:furnace":4,"minecraft:birch_planks":40,"minecraft:cooked_mutton":22,"minecraft:air":0,"minecraft:oak_fence_gate":1,"minecraft:glass":40,"minecraft:wooden_hoe":1,"minecraft:ladder":66,"minecraft:spruce_slab":72,"minecraft:stick":220,"minecraft:wooden_axe":3,"minecraft:stone_sword":1,"minecraft:chest":4,"minecraft:torch":4,"minecraft:oak_fence":57}},"DataVersion":3953}