{"stats":{"minecraft:killed":{"minecraft:pig":5,"minecraft:spider":1,"minecraft:sheep":15,"minecraft:zombie":1,"minecraft:chicken":7,"minecraft:cow":14},"minecraft:dropped":{"minecraft:crafting_table":1,"minecraft:stone_pickaxe":1},"minecraft:mined":{"minecraft:oak_slab":3,"minecraft:red_bed":3,"minecraft:dandelion":6,"minecraft:cornflower":1,"minecraft:oak_fence":13,"minecraft:crafting_table":6,"minecraft:ladder":1,"minecraft:granite":6,"minecraft:short_grass":105,"minecraft:grass_block":53,"minecraft:glass":2,"minecraft:tall_grass":29,"minecraft:lapis_ore":8,"minecraft:sugar_cane":4,"minecraft:oak_planks":10,"minecraft:diorite":4,"minecraft:oxeye_daisy":3,"minecraft:birch_planks":2,"minecraft:furnace":4,"minecraft:birch_log":13,"minecraft:spruce_log":24,"minecraft:andesite":45,"minecraft:birch_leaves":8,"minecraft:azure_bluet":1,"minecraft:coal_ore":15,"minecraft:oak_log":81,"minecraft:sand":41,"minecraft:dirt":35,"minecraft:stone":392,"minecraft:deepslate":6,"minecraft:spruce_slab":10,"minecraft:oak_leaves":17},"minecraft:broken":{"minecraft:wooden_sword":1,"minecraft:wooden_axe":2,"minecraft:wooden_pickaxe":3,"minecraft:stone_pickaxe":1},"minecraft:used":{"minecraft:oak_fence":67,"minecraft:cooked_mutton":14,"minecraft:stone_sword":58,"minecraft:spruce_door":2,"minecraft:birch_planks":15,"minecraft:stone_pickaxe":320,"minecraft:spruce_slab":87,"minecraft:ladder":60,"minecraft:oak_planks":68,"minecraft:chest":4,"minecraft:spruce_planks":7,"minecraft:wooden_pickaxe":177,"minecraft:cobblestone_slab":83,"minecraft:wooden_shovel":56,"minecraft:sugar_cane":6,"minecraft:rotten_flesh":2,"minecraft:torch":12,"minecraft:dirt":34,"minecraft:oak_slab":14,"minecraft:crafting_table":7,"minecraft:red_bed":3,"minecraft:oak_fence_gate":1,"minecraft:spruce_log":2,"minecraft:glass":40,"minecraft:wooden_axe":161,"minecraft:oak_pressure_plate":4,"minecraft:wooden_sword":56,"minecraft:cobblestone":11,"minecraft:sweet_berries":6,"minecraft:furnace":8,"minecraft:cooked_porkchop":3,"minecraft:cooked_beef":3},"minecraft:picked_up":{"minecraft:wooden_axe":1,"minecraft:birch_log":16,"minecraft:crafting_table":8,"minecraft:feather":10,"minecraft:azure_bluet":1,"minecraft:cooked_beef":16,"minecraft:chicken":7,"minecraft:ladder":8,"minecraft:andesite":57,"minecraft:leather":12,"minecraft:birch_planks":2,"minecraft:string":2,"minecraft:lapis_lazuli":57,"minecraft:oak_log":79,"minecraft:cornflower":1,"minecraft:wooden_hoe":1,"minecraft:dirt":67,"minecraft:red_bed":3,"minecraft:cooked_mutton":14,"minecraft:wheat_seeds":27,"minecraft:cobbled_deepslate":6,"minecraft:spruce_planks":25,"minecraft:stone_pickaxe":2,"minecraft:beef":29,"minecraft:wooden_shovel":1,"minecraft:spruce_slab":15,"minecraft:light_gray_wool":1,"minecraft:sugar_cane":6,"minecraft:birch_sapling":1,"minecraft:oak_planks":27,"minecraft:furnace":4,"minecraft:egg":5,"minecraft:stick":1,"minecraft:oak_slab":20,"minecraft:sweet_berries":6,"minecraft:oak_fence":12,"minecraft:dandelion":4,"minecraft:porkchop":10,"minecraft:sand":40,"minecraft:diorite":4,"minecraft:spruce_log":23,"minecraft:spruce_door":1,"minecraft:stone_sword":1,"minecraft:rotten_flesh":2,"minecraft:granite":6,"minecraft:oak_sapling":2,"minecraft:black_wool":2,"minecraft:mutton":22,"minecraft:coal":28,"minecraft:oxeye_daisy":1,"minecraft:white_wool":12,"minecraft:cobblestone":484},"minecraft:custom":{"minecraft:interact_with_furnace":132,"minecraft:mob_kills":43,"minecraft:interact_with_cartography_table":1,"minecraft:interact_with_crafting_table":34,"minecraft:leave_game":1,"minecraft:time_since_death":44296,"minecraft:sleep_in_bed":7,"minecraft:climb_one_cm":45928,"minecraft:time_since_rest":27240,"minecraft:sprint_one_cm":329348,"minecraft:damage_taken":1060,"minecraft:walk_one_cm":246140,"minecraft:drop":2,"minecraft:damage_dealt":3866,"minecraft:swim_one_cm":5546,"minecraft:fly_one_cm":505784,"minecraft:open_chest":86,"minecraft:crouch_one_cm":17635,"minecraft:play_time":126908,"minecraft:deaths":1,"minecraft:sneak_time":5325,"minecraft:walk_under_water_one_cm":441,"minecraft:jump":2330,"minecraft:walk_on_water_one_cm":10863,"minecraft:total_world_time":126908,"minecraft:fall_one_cm":65043},"minecraft:crafted":{"minecraft:cooked_beef":29,"minecraft:wooden_sword":1,"minecraft:stone_shovel":1,"minecraft:oak_slab":30,"minecraft:oak_planks":316,"minecraft:wooden_shovel":2,"minecraft:cobblestone_slab":90,"minecraft:cooked_porkchop":10,"minecraft:oak_pressure_plate":4,"minecraft:crafting_table":2,"minecraft:spruce_planks":84,"minecraft:wooden_pickaxe":4,"minecraft:spruce_door":2,"minecraft:furnace":4,"minecraft:birch_planks":40,"minecraft:stone_axe":1,"minecraft:cooked_mutton":22,"minecraft:air":0,"minecraft:oak_fence_gate":1,"minecraft:glass":40,"minecraft:wooden_hoe":1,"minecraft:ladder":66,"minecraft:spruce_slab":72,"minecraft:stick":236,"minecraft:stone_pickaxe":4,"minecraft:wooden_axe":3,"minecraft:stone_sword":2,"minecraft:chest":4,"minecraft:torch":12,"minecraft:oak_fence":57}},"DataVersion":3953}