{"stats":{"minecraft:used":{"minecraft:cooked_mutton":2,"minecraft:diorite":2,"minecraft:stone_sword":114,"minecraft:iron_shovel":18,"minecraft:stone_pickaxe":134,"minecraft:spruce_planks":1,"minecraft:wooden_pickaxe":59,"minecraft:shield":27,"minecraft:iron_sword":50,"minecraft:cooked_chicken":4,"minecraft:glow_berries":1,"minecraft:torch":15,"minecraft:mossy_cobblestone":1,"minecraft:dirt":5,"minecraft:crafting_table":9,"minecraft:spruce_stairs":7,"minecraft:white_bed":7,"minecraft:granite":2,"minecraft:spruce_log":2,"minecraft:black_wool":1,"minecraft:iron_pickaxe":138,"minecraft:bread":4,"minecraft:stone_axe":28,"minecraft:light_gray_wool":1,"minecraft:cobblestone":178,"minecraft:sweet_berries":16,"minecraft:furnace":5,"minecraft:cooked_porkchop":5,"minecraft:andesite":1,"minecraft:gray_wool":1},"minecraft:killed_by":{"minecraft:zombie":1},"minecraft:broken":{"minecraft:stone_pickaxe":1,"minecraft:stone_sword":1,"minecraft:wooden_pickaxe":1},"minecraft:dropped":{"minecraft:brown_mushroom":2,"minecraft:rotten_flesh":9,"minecraft:stick":1,"minecraft:dirt":10,"minecraft:spruce_planks":1,"minecraft:melon_seeds":2,"minecraft:iron_shovel":1,"minecraft:egg":2},"minecraft:picked_up":{"minecraft:crafting_table":8,"minecraft:feather":4,"minecraft:chicken":4,"minecraft:andesite":3,"minecraft:brown_mushroom":2,"minecraft:shield":1,"minecraft:dirt":40,"minecraft:raw_copper":64,"minecraft:cooked_mutton":5,"minecraft:iron_shovel":2,"minecraft:bone":5,"minecraft:wheat_seeds":1,"minecraft:spruce_planks":1,"minecraft:iron_ingot":3,"minecraft:stone_pickaxe":1,"minecraft:cooked_chicken":4,"minecraft:light_gray_wool":2,"minecraft:sugar_cane":62,"minecraft:egg":4,"minecraft:furnace":5,"minecraft:stick":2,"minecraft:raw_iron":46,"minecraft:cooked_porkchop":3,"minecraft:pumpkin":10,"minecraft:sweet_berries":189,"minecraft:torch":26,"minecraft:gravel":5,"minecraft:spruce_stairs":7,"minecraft:porkchop":10,"minecraft:spruce_sapling":6,"minecraft:white_bed":8,"minecraft:diorite":2,"minecraft:spruce_log":11,"minecraft:spruce_door":1,"minecraft:mossy_cobblestone":1,"minecraft:arrow":7,"minecraft:rotten_flesh":30,"minecraft:stone_axe":1,"minecraft:shears":1,"minecraft:granite":2,"minecraft:gray_wool":2,"minecraft:bread":3,"minecraft:emerald":4,"minecraft:melon_seeds":2,"minecraft:black_wool":2,"minecraft:glow_berries":1,"minecraft:mutton":26,"minecraft:coal":72,"minecraft:white_wool":76,"minecraft:cobblestone":295},"minecraft:mined":{"minecraft:spruce_planks":1,"minecraft:white_bed":7,"minecraft:brown_mushroom":1,"minecraft:mossy_cobblestone":1,"minecraft:spruce_door":1,"minecraft:crafting_table":8,"minecraft:torch":3,"minecraft:granite":2,"minecraft:short_grass":1,"minecraft:grass_block":12,"minecraft:cobblestone":21,"minecraft:tall_grass":1,"minecraft:copper_ore":10,"minecraft:spruce_leaves":33,"minecraft:sugar_cane":5,"minecraft:diorite":2,"minecraft:wall_torch":4,"minecraft:large_fern":8,"minecraft:spruce_stairs":7,"minecraft:furnace":4,"minecraft:fire":1,"minecraft:iron_ore":30,"minecraft:sweet_berry_bush":3,"minecraft:ice":1,"minecraft:spruce_log":7,"minecraft:andesite":3,"minecraft:pumpkin":5,"minecraft:coal_ore":40,"minecraft:gravel":6,"minecraft:dirt":15,"minecraft:stone":212,"minecraft:fern":2},"minecraft:killed":{"minecraft:pig":4,"minecraft:skeleton":4,"minecraft:sheep":11,"minecraft:zombie":10,"minecraft:chicken":4},"minecraft:custom":{"minecraft:interact_with_furnace":21,"minecraft:mob_kills":35,"minecraft:interact_with_crafting_table":19,"minecraft:leave_game":1,"minecraft:time_since_death":39819,"minecraft:sleep_in_bed":4,"minecraft:time_since_rest":16072,"minecraft:sprint_one_cm":209278,"minecraft:damage_taken":1185,"minecraft:walk_one_cm":353809,"minecraft:damage_blocked_by_shield":1403,"minecraft:drop":9,"minecraft:damage_dealt":4730,"minecraft:talked_to_villager":2,"minecraft:swim_one_cm":14085,"minecraft:fly_one_cm":199480,"minecraft:open_chest":11,"minecraft:crouch_one_cm":4900,"minecraft:play_time":94747,"minecraft:deaths":1,"minecraft:sneak_time":1288,"minecraft:walk_under_water_one_cm":2820,"minecraft:jump":1436,"minecraft:walk_on_water_one_cm":7993,"minecraft:total_world_time":94747,"minecraft:fall_one_cm":33773},"minecraft:crafted":{"minecraft:cooked_porkchop":9,"minecraft:crafting_table":2,"minecraft:spruce_planks":36,"minecraft:wooden_pickaxe":1,"minecraft:cooked_chicken":4,"minecraft:iron_sword":1,"minecraft:furnace":1,"minecraft:stone_axe":1,"minecraft:cooked_mutton":7,"minecraft:air":0,"minecraft:iron_chestplate":1,"minecraft:shield":1,"minecraft:iron_axe":1,"minecraft:stick":28,"minecraft:iron_ingot":30,"minecraft:iron_pickaxe":2,"minecraft:stone_pickaxe":1,"minecraft:stone_sword":1,"minecraft:white_bed":1,"minecraft:torch":20,"minecraft:shears":1}},"DataVersion":3953}