{"stats":{"minecraft:killed":{"minecraft:skeleton":5,"minecraft:chicken":4,"minecraft:drowned":1,"minecraft:pig":4,"minecraft:salmon":5,"minecraft:squid":1,"minecraft:sheep":15,"minecraft:zombie":19,"minecraft:cow":4},"minecraft:killed_by":{"minecraft:zombie":1},"minecraft:mined":{"minecraft:spruce_planks":1,"minecraft:white_bed":9,"minecraft:mossy_cobblestone":1,"minecraft:dark_oak_leaves":15,"minecraft:dark_oak_log":158,"minecraft:obsidian":2,"minecraft:granite":2,"minecraft:grass_block":18,"minecraft:spruce_leaves":42,"minecraft:large_fern":8,"minecraft:furnace":5,"minecraft:iron_ore":32,"minecraft:fire":9,"minecraft:andesite":3,"minecraft:pumpkin":5,"minecraft:stone":248,"minecraft:white_wool":2,"minecraft:brown_mushroom":1,"minecraft:spruce_door":1,"minecraft:crafting_table":10,"minecraft:torch":3,"minecraft:short_grass":3,"minecraft:tall_grass":2,"minecraft:copper_ore":10,"minecraft:cobblestone":21,"minecraft:sugar_cane":5,"minecraft:diorite":2,"minecraft:wall_torch":4,"minecraft:spruce_stairs":7,"minecraft:birch_log":46,"minecraft:wheat":1,"minecraft:sweet_berry_bush":14,"minecraft:ice":1,"minecraft:light_gray_wool":2,"minecraft:spruce_log":25,"minecraft:birch_leaves":20,"minecraft:coal_ore":47,"minecraft:gravel":6,"minecraft:dirt":16,"minecraft:fern":2},"minecraft:dropped":{"minecraft:water_bucket":1,"minecraft:brown_mushroom":2,"minecraft:coal":29,"minecraft:stick":11,"minecraft:dirt":10,"minecraft:iron_shovel":1,"minecraft:bucket":2,"minecraft:music_disc_cat":2,"minecraft:spruce_sapling":6,"minecraft:sweet_berries":6,"minecraft:wheat":2,"minecraft:rotten_flesh":57,"minecraft:spruce_planks":1,"minecraft:melon_seeds":2,"minecraft:stone_pickaxe":1,"minecraft:egg":2},"minecraft:broken":{"minecraft:stone_sword":1,"minecraft:wooden_pickaxe":1,"minecraft:stone_pickaxe":1,"minecraft:stone_axe":1},"minecraft:used":{"minecraft:stone_sword":114,"minecraft:iron_shovel":22,"minecraft:chest":2,"minecraft:spruce_planks":1,"minecraft:shield":36,"minecraft:iron_sword":146,"minecraft:cooked_chicken":4,"minecraft:torch":15,"minecraft:dirt":38,"minecraft:spruce_stairs":7,"minecraft:granite":2,"minecraft:obsidian":4,"minecraft:spruce_boat":3,"minecraft:iron_axe":152,"minecraft:birch_sapling":1,"minecraft:light_gray_wool":3,"minecraft:sweet_berries":129,"minecraft:furnace":6,"minecraft:cooked_beef":1,"minecraft:pumpkin":1,"minecraft:wheat_seeds":5,"minecraft:cooked_mutton":11,"minecraft:water_bucket":6,"minecraft:diorite":2,"minecraft:stone_pickaxe":134,"minecraft:wooden_pickaxe":59,"minecraft:sugar_cane":7,"minecraft:white_wool":2,"minecraft:glow_berries":1,"minecraft:mossy_cobblestone":1,"minecraft:crafting_table":11,"minecraft:white_bed":10,"minecraft:spruce_log":2,"minecraft:diamond_pickaxe":2,"minecraft:black_wool":1,"minecraft:apple":1,"minecraft:dark_oak_log":1,"minecraft:iron_pickaxe":185,"minecraft:bread":4,"minecraft:stone_axe":137,"minecraft:cobblestone":178,"minecraft:cooked_porkchop":5,"minecraft:andesite":1,"minecraft:bucket":8,"minecraft:gray_wool":1},"minecraft:picked_up":{"minecraft:crafting_table":10,"minecraft:wheat":3,"minecraft:chicken":4,"minecraft:brown_mushroom":2,"minecraft:shield":1,"minecraft:music_disc_cat":1,"minecraft:raw_copper":64,"minecraft:iron_shovel":2,"minecraft:bucket":3,"minecraft:spruce_planks":4,"minecraft:beef":5,"minecraft:light_gray_wool":6,"minecraft:sugar_cane":62,"minecraft:birch_sapling":10,"minecraft:furnace":6,"minecraft:egg":4,"minecraft:dark_oak_sapling":2,"minecraft:stick":6,"minecraft:raw_iron":48,"minecraft:torch":26,"minecraft:spruce_stairs":7,"minecraft:porkchop":10,"minecraft:diorite":6,"minecraft:arrow":9,"minecraft:rotten_flesh":51,"minecraft:shears":1,"minecraft:glow_berries":1,"minecraft:obsidian":2,"minecraft:mutton":34,"minecraft:white_wool":80,"minecraft:cobblestone":330,"minecraft:birch_log":47,"minecraft:feather":4,"minecraft:andesite":3,"minecraft:salmon":5,"minecraft:leather":5,"minecraft:dirt":106,"minecraft:cooked_mutton":5,"minecraft:bone":6,"minecraft:apple":1,"minecraft:wheat_seeds":6,"minecraft:cooked_chicken":4,"minecraft:iron_ingot":8,"minecraft:stone_pickaxe":1,"minecraft:diamond_helmet":1,"minecraft:cooked_porkchop":3,"minecraft:pumpkin":13,"minecraft:sweet_berries":286,"minecraft:gravel":5,"minecraft:spruce_sapling":12,"minecraft:ink_sac":3,"minecraft:white_bed":10,"minecraft:spruce_log":31,"minecraft:dark_oak_log":158,"minecraft:spruce_door":1,"minecraft:mossy_cobblestone":1,"minecraft:spruce_boat":3,"minecraft:stone_axe":1,"minecraft:granite":2,"minecraft:bone_meal":2,"minecraft:gray_wool":2,"minecraft:emerald":4,"minecraft:bread":3,"minecraft:melon_seeds":2,"minecraft:black_wool":2,"minecraft:coal":79},"minecraft:custom":{"minecraft:mob_kills":62,"minecraft:interact_with_crafting_table":28,"minecraft:leave_game":4,"minecraft:time_since_death":193733,"minecraft:climb_one_cm":205,"minecraft:sprint_one_cm":622718,"minecraft:walk_one_cm":630717,"minecraft:damage_blocked_by_shield":1768,"minecraft:drop":35,"minecraft:talked_to_villager":2,"minecraft:play_time":248661,"minecraft:deaths":1,"minecraft:sneak_time":5139,"minecraft:walk_under_water_one_cm":21180,"minecraft:boat_one_cm":218232,"minecraft:jump":3743,"minecraft:walk_on_water_one_cm":27099,"minecraft:total_world_time":248661,"minecraft:interact_with_furnace":39,"minecraft:sleep_in_bed":9,"minecraft:time_since_rest":92251,"minecraft:damage_taken":2195,"minecraft:damage_dealt":8212,"minecraft:swim_one_cm":71611,"minecraft:fly_one_cm":606667,"minecraft:open_chest":42,"minecraft:crouch_one_cm":18394,"minecraft:fall_one_cm":99846},"minecraft:crafted":{"minecraft:cooked_chicken":4,"minecraft:furnace":2,"minecraft:cooked_mutton":25,"minecraft:iron_boots":1,"minecraft:iron_axe":1,"minecraft:stone_pickaxe":1,"minecraft:chest":2,"minecraft:spruce_boat":1,"minecraft:cooked_beef":5,"minecraft:cooked_porkchop":9,"minecraft:crafting_table":3,"minecraft:spruce_planks":116,"minecraft:wooden_pickaxe":1,"minecraft:iron_helmet":1,"minecraft:iron_sword":1,"minecraft:copper_ingot":27,"minecraft:birch_planks":4,"minecraft:stone_axe":1,"minecraft:air":0,"minecraft:iron_chestplate":1,"minecraft:diamond_pickaxe":1,"minecraft:shield":1,"minecraft:stick":28,"minecraft:iron_ingot":30,"minecraft:iron_pickaxe":2,"minecraft:stone_sword":1,"minecraft:iron_leggings":1,"minecraft:white_bed":1,"minecraft:torch":20,"minecraft:shears":1}},"DataVersion":3953}