{"stats":{"minecraft:dropped":{"minecraft:water_bucket":1,"minecraft:brown_mushroom":2,"minecraft:crafting_table":2,"minecraft:coal":29,"minecraft:stick":11,"minecraft:dirt":10,"minecraft:torch":1,"minecraft:iron_shovel":1,"minecraft:white_wool":2,"minecraft:bucket":2,"minecraft:music_disc_cat":2,"minecraft:spruce_sapling":6,"minecraft:bone":6,"minecraft:sweet_berries":6,"minecraft:birch_sapling":3,"minecraft:wheat":2,"minecraft:rotten_flesh":57,"minecraft:spruce_planks":1,"minecraft:melon_seeds":2,"minecraft:golden_leggings":1,"minecraft:stone_pickaxe":1,"minecraft:egg":2},"minecraft:broken":{"minecraft:stone_sword":1,"minecraft:wooden_pickaxe":1,"minecraft:stone_pickaxe":1,"minecraft:stone_axe":1,"minecraft:iron_pickaxe":1},"minecraft:killed":{"minecraft:skeleton":7,"minecraft:chicken":4,"minecraft:drowned":1,"minecraft:pig":4,"minecraft:salmon":5,"minecraft:squid":1,"minecraft:sheep":15,"minecraft:zombie":20,"minecraft:cow":7},"minecraft:mined":{"minecraft:crying_obsidian":1,"minecraft:spruce_planks":1,"minecraft:white_bed":9,"minecraft:mossy_cobblestone":1,"minecraft:dark_oak_leaves":15,"minecraft:dark_oak_log":158,"minecraft:obsidian":4,"minecraft:granite":2,"minecraft:grass_block":19,"minecraft:spruce_leaves":42,"minecraft:large_fern":8,"minecraft:hay_block":2,"minecraft:furnace":5,"minecraft:iron_ore":36,"minecraft:fire":11,"minecraft:andesite":3,"minecraft:pumpkin":5,"minecraft:stone":297,"minecraft:white_wool":2,"minecraft:brown_mushroom":1,"minecraft:spruce_door":1,"minecraft:crafting_table":10,"minecraft:torch":3,"minecraft:short_grass":13,"minecraft:blast_furnace":1,"minecraft:tall_grass":3,"minecraft:copper_ore":11,"minecraft:cobblestone":21,"minecraft:sugar_cane":5,"minecraft:diorite":2,"minecraft:wall_torch":4,"minecraft:spruce_stairs":7,"minecraft:birch_log":46,"minecraft:wheat":1,"minecraft:sweet_berry_bush":14,"minecraft:ice":1,"minecraft:spruce_log":25,"minecraft:birch_leaves":21,"minecraft:light_gray_wool":2,"minecraft:coal_ore":125,"minecraft:sunflower":41,"minecraft:gravel":9,"minecraft:dirt":16,"minecraft:netherrack":33,"minecraft:oak_leaves":2,"minecraft:fern":2},"minecraft:picked_up":{"minecraft:crafting_table":11,"minecraft:wheat":3,"minecraft:chicken":4,"minecraft:brown_mushroom":2,"minecraft:shield":1,"minecraft:music_disc_cat":1,"minecraft:raw_copper":64,"minecraft:iron_shovel":2,"minecraft:bucket":3,"minecraft:spruce_planks":4,"minecraft:beef":11,"minecraft:light_gray_wool":6,"minecraft:sugar_cane":62,"minecraft:birch_sapling":10,"minecraft:furnace":6,"minecraft:egg":4,"minecraft:dark_oak_sapling":2,"minecraft:stick":6,"minecraft:raw_iron":52,"minecraft:torch":26,"minecraft:spruce_stairs":7,"minecraft:porkchop":10,"minecraft:diorite":6,"minecraft:arrow":9,"minecraft:rotten_flesh":51,"minecraft:shears":1,"minecraft:hay_block":2,"minecraft:glow_berries":1,"minecraft:obsidian":4,"minecraft:mutton":34,"minecraft:cobblestone":379,"minecraft:white_wool":80,"minecraft:birch_log":47,"minecraft:feather":4,"minecraft:andesite":3,"minecraft:salmon":5,"minecraft:leather":8,"minecraft:flint":1,"minecraft:dirt":107,"minecraft:cooked_mutton":5,"minecraft:bone":12,"minecraft:apple":1,"minecraft:wheat_seeds":6,"minecraft:iron_ingot":8,"minecraft:stone_pickaxe":1,"minecraft:cooked_chicken":4,"minecraft:diamond_helmet":1,"minecraft:cooked_porkchop":3,"minecraft:pumpkin":13,"minecraft:sweet_berries":286,"minecraft:gravel":5,"minecraft:blast_furnace":1,"minecraft:spruce_sapling":12,"minecraft:ink_sac":3,"minecraft:white_bed":10,"minecraft:spruce_log":31,"minecraft:crying_obsidian":1,"minecraft:dark_oak_log":158,"minecraft:spruce_door":1,"minecraft:mossy_cobblestone":1,"minecraft:diamond":17,"minecraft:spruce_boat":3,"minecraft:stone_axe":1,"minecraft:granite":2,"minecraft:bone_meal":2,"minecraft:gray_wool":2,"minecraft:emerald":4,"minecraft:bread":3,"minecraft:netherrack":29,"minecraft:melon_seeds":2,"minecraft:black_wool":2,"minecraft:coal":156,"minecraft:sunflower":41},"minecraft:used":{"minecraft:stone_sword":114,"minecraft:iron_shovel":26,"minecraft:flint_and_steel":3,"minecraft:chest":2,"minecraft:spruce_planks":1,"minecraft:shield":41,"minecraft:iron_sword":174,"minecraft:cooked_chicken":4,"minecraft:torch":22,"minecraft:dirt":38,"minecraft:spruce_stairs":7,"minecraft:granite":2,"minecraft:obsidian":10,"minecraft:spruce_boat":3,"minecraft:iron_axe":152,"minecraft:birch_sapling":1,"minecraft:light_gray_wool":3,"minecraft:sweet_berries":129,"minecraft:furnace":7,"minecraft:cooked_beef":5,"minecraft:pumpkin":1,"minecraft:wheat_seeds":5,"minecraft:cooked_mutton":15,"minecraft:water_bucket":6,"minecraft:diorite":2,"minecraft:stone_pickaxe":134,"minecraft:wooden_pickaxe":59,"minecraft:sugar_cane":7,"minecraft:white_wool":2,"minecraft:glow_berries":1,"minecraft:mossy_cobblestone":1,"minecraft:crafting_table":11,"minecraft:white_bed":10,"minecraft:spruce_log":2,"minecraft:diamond_pickaxe":6,"minecraft:black_wool":1,"minecraft:apple":5,"minecraft:dark_oak_log":1,"minecraft:iron_pickaxe":353,"minecraft:bread":4,"minecraft:stone_axe":137,"minecraft:cobblestone":178,"minecraft:cooked_porkchop":5,"minecraft:andesite":1,"minecraft:bucket":8,"minecraft:gray_wool":1},"minecraft:crafted":{"minecraft:cooked_chicken":4,"minecraft:furnace":2,"minecraft:cooked_mutton":25,"minecraft:iron_boots":1,"minecraft:iron_axe":1,"minecraft:stone_pickaxe":1,"minecraft:chest":2,"minecraft:spruce_boat":1,"minecraft:wheat":18,"minecraft:cooked_beef":10,"minecraft:cooked_porkchop":9,"minecraft:crafting_table":3,"minecraft:spruce_planks":116,"minecraft:wooden_pickaxe":1,"minecraft:iron_helmet":1,"minecraft:iron_sword":1,"minecraft:copper_ingot":27,"minecraft:birch_planks":4,"minecraft:stone_axe":1,"minecraft:air":0,"minecraft:iron_chestplate":1,"minecraft:diamond_pickaxe":1,"minecraft:shield":1,"minecraft:stick":28,"minecraft:iron_ingot":30,"minecraft:iron_pickaxe":2,"minecraft:stone_sword":1,"minecraft:iron_leggings":1,"minecraft:white_bed":1,"minecraft:torch":28,"minecraft:shears":1},"minecraft:custom":{"minecraft:mob_kills":68,"minecraft:interact_with_crafting_table":28,"minecraft:leave_game":5,"minecraft:time_since_death":226120,"minecraft:climb_one_cm":205,"minecraft:sprint_one_cm":737204,"minecraft:walk_one_cm":743567,"minecraft:damage_blocked_by_shield":1918,"minecraft:drop":43,"minecraft:talked_to_villager":2,"minecraft:play_time":281048,"minecraft:deaths":1,"minecraft:sneak_time":5482,"minecraft:walk_under_water_one_cm":22097,"minecraft:boat_one_cm":218232,"minecraft:jump":4581,"minecraft:walk_on_water_one_cm":35658,"minecraft:total_world_time":281048,"minecraft:interact_with_furnace":43,"minecraft:sleep_in_bed":10,"minecraft:time_since_rest":19004,"minecraft:damage_taken":2677,"minecraft:damage_dealt":9112,"minecraft:swim_one_cm":80888,"minecraft:fly_one_cm":772381,"minecraft:open_chest":49,"minecraft:crouch_one_cm":19565,"minecraft:fall_one_cm":126372},"minecraft:killed_by":{"minecraft:zombie":1}},"DataVersion":3953}