{"stats":{"minecraft:used":{"minecraft:cooked_mutton":2,"minecraft:stone_sword":58,"minecraft:stone_pickaxe":77,"minecraft:shield":1,"minecraft:wooden_pickaxe":59,"minecraft:stone_axe":11,"minecraft:torch":11,"minecraft:dirt":3,"minecraft:sweet_berries":5,"minecraft:crafting_table":4,"minecraft:furnace":2},"minecraft:broken":{"minecraft:wooden_pickaxe":1},"minecraft:picked_up":{"minecraft:raw_iron":22,"minecraft:crafting_table":4,"minecraft:feather":2,"minecraft:chicken":4,"minecraft:sweet_berries":95,"minecraft:pumpkin":5,"minecraft:andesite":1,"minecraft:brown_mushroom":1,"minecraft:torch":7,"minecraft:porkchop":8,"minecraft:diorite":1,"minecraft:spruce_sapling":1,"minecraft:spruce_log":5,"minecraft:dirt":5,"minecraft:raw_copper":32,"minecraft:wheat_seeds":1,"minecraft:granite":1,"minecraft:sugar_cane":22,"minecraft:mutton":7,"minecraft:coal":24,"minecraft:white_wool":5,"minecraft:cobblestone":68,"minecraft:furnace":2},"minecraft:mined":{"minecraft:large_fern":8,"minecraft:brown_mushroom":1,"minecraft:furnace":2,"minecraft:iron_ore":22,"minecraft:sweet_berry_bush":1,"minecraft:ice":1,"minecraft:spruce_log":6,"minecraft:andesite":1,"minecraft:pumpkin":5,"minecraft:crafting_table":4,"minecraft:torch":2,"minecraft:granite":1,"minecraft:short_grass":1,"minecraft:coal_ore":31,"minecraft:grass_block":1,"minecraft:dirt":2,"minecraft:copper_ore":10,"minecraft:spruce_leaves":24,"minecraft:stone":64,"minecraft:sugar_cane":2,"minecraft:diorite":1,"minecraft:wall_torch":4},"minecraft:killed":{"minecraft:sheep":5,"minecraft:pig":3,"minecraft:chicken":4},"minecraft:custom":{"minecraft:time_since_rest":34747,"minecraft:damage_blocked_by_shield":124,"minecraft:interact_with_furnace":15,"minecraft:sprint_one_cm":52720,"minecraft:damage_taken":110,"minecraft:walk_one_cm":156938,"minecraft:mob_kills":12,"minecraft:damage_dealt":895,"minecraft:swim_one_cm":9381,"minecraft:interact_with_crafting_table":8,"minecraft:fly_one_cm":69418,"minecraft:crouch_one_cm":1517,"minecraft:play_time":34747,"minecraft:sneak_time":333,"minecraft:walk_under_water_one_cm":1166,"minecraft:jump":531,"minecraft:leave_game":1,"minecraft:time_since_death":34747,"minecraft:walk_on_water_one_cm":2141,"minecraft:total_world_time":34747,"minecraft:fall_one_cm":11591},"minecraft:crafted":{"minecraft:cooked_porkchop":8,"minecraft:shield":1,"minecraft:crafting_table":1,"minecraft:spruce_planks":20,"minecraft:stick":12,"minecraft:iron_ingot":6,"minecraft:cooked_chicken":4,"minecraft:wooden_pickaxe":1,"minecraft:stone_pickaxe":1,"minecraft:stone_sword":1,"minecraft:furnace":1,"minecraft:torch":20,"minecraft:stone_axe":1,"minecraft:air":0,"minecraft:cooked_mutton":7}},"DataVersion":3953}