{"stats":{"minecraft:used":{"minecraft:cooked_mutton":2,"minecraft:diorite":2,"minecraft:stone_sword":92,"minecraft:stone_pickaxe":103,"minecraft:spruce_planks":1,"minecraft:wooden_pickaxe":59,"minecraft:shield":1,"minecraft:torch":11,"minecraft:dirt":5,"minecraft:crafting_table":5,"minecraft:granite":2,"minecraft:stone_axe":12,"minecraft:cobblestone":5,"minecraft:sweet_berries":5,"minecraft:furnace":2,"minecraft:cooked_porkchop":2,"minecraft:andesite":1},"minecraft:broken":{"minecraft:wooden_pickaxe":1},"minecraft:picked_up":{"minecraft:crafting_table":4,"minecraft:feather":2,"minecraft:chicken":4,"minecraft:andesite":1,"minecraft:brown_mushroom":1,"minecraft:dirt":8,"minecraft:raw_copper":32,"minecraft:wheat_seeds":1,"minecraft:light_gray_wool":1,"minecraft:sugar_cane":31,"minecraft:furnace":2,"minecraft:raw_iron":22,"minecraft:pumpkin":5,"minecraft:sweet_berries":95,"minecraft:torch":7,"minecraft:porkchop":9,"minecraft:spruce_sapling":1,"minecraft:diorite":2,"minecraft:spruce_log":6,"minecraft:rotten_flesh":4,"minecraft:granite":2,"minecraft:gray_wool":1,"minecraft:mutton":15,"minecraft:coal":39,"minecraft:white_wool":37,"minecraft:cobblestone":82},"minecraft:mined":{"minecraft:brown_mushroom":1,"minecraft:crafting_table":4,"minecraft:torch":2,"minecraft:granite":2,"minecraft:short_grass":1,"minecraft:grass_block":3,"minecraft:copper_ore":10,"minecraft:spruce_leaves":31,"minecraft:sugar_cane":5,"minecraft:diorite":2,"minecraft:wall_torch":4,"minecraft:large_fern":8,"minecraft:furnace":2,"minecraft:iron_ore":22,"minecraft:sweet_berry_bush":1,"minecraft:ice":1,"minecraft:spruce_log":7,"minecraft:andesite":1,"minecraft:pumpkin":5,"minecraft:coal_ore":39,"minecraft:gravel":1,"minecraft:dirt":5,"minecraft:stone":78},"minecraft:killed":{"minecraft:pig":4,"minecraft:sheep":10,"minecraft:zombie":2,"minecraft:chicken":4},"minecraft:custom":{"minecraft:interact_with_furnace":15,"minecraft:mob_kills":20,"minecraft:interact_with_crafting_table":10,"minecraft:leave_game":1,"minecraft:time_since_death":46747,"minecraft:time_since_rest":46747,"minecraft:sprint_one_cm":105158,"minecraft:damage_taken":230,"minecraft:walk_one_cm":208784,"minecraft:damage_blocked_by_shield":124,"minecraft:damage_dealt":1834,"minecraft:swim_one_cm":14085,"minecraft:fly_one_cm":118649,"minecraft:open_chest":1,"minecraft:crouch_one_cm":2115,"minecraft:play_time":46747,"minecraft:sneak_time":511,"minecraft:walk_under_water_one_cm":2559,"minecraft:jump":819,"minecraft:walk_on_water_one_cm":3149,"minecraft:total_world_time":46747,"minecraft:fall_one_cm":19708},"minecraft:crafted":{"minecraft:cooked_porkchop":8,"minecraft:crafting_table":1,"minecraft:spruce_planks":24,"minecraft:wooden_pickaxe":1,"minecraft:cooked_chicken":4,"minecraft:furnace":1,"minecraft:stone_axe":1,"minecraft:cooked_mutton":7,"minecraft:air":0,"minecraft:shield":1,"minecraft:stick":12,"minecraft:iron_ingot":6,"minecraft:stone_pickaxe":1,"minecraft:stone_sword":1,"minecraft:white_bed":1,"minecraft:torch":20,"minecraft:shears":1}},"DataVersion":3953}