{"stats":{"minecraft:used":{"minecraft:cooked_mutton":2,"minecraft:diorite":2,"minecraft:stone_sword":114,"minecraft:stone_pickaxe":134,"minecraft:spruce_planks":1,"minecraft:wooden_pickaxe":59,"minecraft:shield":27,"minecraft:iron_sword":44,"minecraft:cooked_chicken":4,"minecraft:torch":13,"minecraft:dirt":5,"minecraft:crafting_table":8,"minecraft:spruce_stairs":4,"minecraft:white_bed":6,"minecraft:granite":2,"minecraft:spruce_log":2,"minecraft:black_wool":1,"minecraft:iron_pickaxe":32,"minecraft:bread":4,"minecraft:stone_axe":24,"minecraft:light_gray_wool":1,"minecraft:cobblestone":59,"minecraft:sweet_berries":11,"minecraft:furnace":4,"minecraft:cooked_porkchop":5,"minecraft:andesite":1,"minecraft:gray_wool":1},"minecraft:killed_by":{"minecraft:zombie":1},"minecraft:broken":{"minecraft:stone_pickaxe":1,"minecraft:stone_sword":1,"minecraft:wooden_pickaxe":1},"minecraft:dropped":{"minecraft:brown_mushroom":2,"minecraft:rotten_flesh":9,"minecraft:stick":1,"minecraft:spruce_planks":1,"minecraft:melon_seeds":2,"minecraft:iron_shovel":1,"minecraft:egg":2},"minecraft:picked_up":{"minecraft:crafting_table":8,"minecraft:feather":4,"minecraft:chicken":4,"minecraft:andesite":3,"minecraft:brown_mushroom":2,"minecraft:shield":1,"minecraft:dirt":11,"minecraft:raw_copper":64,"minecraft:cooked_mutton":5,"minecraft:iron_shovel":2,"minecraft:bone":5,"minecraft:wheat_seeds":1,"minecraft:iron_ingot":3,"minecraft:stone_pickaxe":1,"minecraft:cooked_chicken":4,"minecraft:light_gray_wool":2,"minecraft:sugar_cane":62,"minecraft:egg":4,"minecraft:furnace":5,"minecraft:stick":2,"minecraft:raw_iron":46,"minecraft:cooked_porkchop":3,"minecraft:pumpkin":10,"minecraft:sweet_berries":189,"minecraft:torch":25,"minecraft:spruce_stairs":6,"minecraft:porkchop":10,"minecraft:spruce_sapling":6,"minecraft:white_bed":7,"minecraft:diorite":2,"minecraft:spruce_log":11,"minecraft:arrow":7,"minecraft:rotten_flesh":30,"minecraft:stone_axe":1,"minecraft:shears":1,"minecraft:granite":2,"minecraft:gray_wool":2,"minecraft:bread":3,"minecraft:emerald":4,"minecraft:melon_seeds":2,"minecraft:black_wool":2,"minecraft:glow_berries":1,"minecraft:mutton":25,"minecraft:coal":72,"minecraft:white_wool":75,"minecraft:cobblestone":190},"minecraft:mined":{"minecraft:white_bed":6,"minecraft:brown_mushroom":1,"minecraft:crafting_table":8,"minecraft:torch":3,"minecraft:granite":2,"minecraft:short_grass":1,"minecraft:grass_block":3,"minecraft:cobblestone":10,"minecraft:tall_grass":1,"minecraft:copper_ore":10,"minecraft:spruce_leaves":33,"minecraft:sugar_cane":5,"minecraft:diorite":2,"minecraft:wall_torch":4,"minecraft:large_fern":8,"minecraft:spruce_stairs":6,"minecraft:furnace":4,"minecraft:fire":1,"minecraft:iron_ore":30,"minecraft:sweet_berry_bush":1,"minecraft:ice":1,"minecraft:spruce_log":7,"minecraft:andesite":3,"minecraft:pumpkin":5,"minecraft:coal_ore":40,"minecraft:gravel":1,"minecraft:dirt":5,"minecraft:stone":118,"minecraft:fern":2},"minecraft:killed":{"minecraft:pig":4,"minecraft:skeleton":4,"minecraft:sheep":10,"minecraft:zombie":9,"minecraft:chicken":4},"minecraft:custom":{"minecraft:interact_with_furnace":19,"minecraft:mob_kills":33,"minecraft:interact_with_crafting_table":18,"minecraft:leave_game":1,"minecraft:time_since_death":27819,"minecraft:sleep_in_bed":4,"minecraft:time_since_rest":4072,"minecraft:sprint_one_cm":192778,"minecraft:damage_taken":1150,"minecraft:walk_one_cm":298827,"minecraft:damage_blocked_by_shield":1403,"minecraft:drop":8,"minecraft:damage_dealt":4450,"minecraft:talked_to_villager":2,"minecraft:swim_one_cm":14085,"minecraft:fly_one_cm":185519,"minecraft:open_chest":7,"minecraft:crouch_one_cm":4026,"minecraft:play_time":82747,"minecraft:deaths":1,"minecraft:sneak_time":978,"minecraft:walk_under_water_one_cm":2820,"minecraft:jump":1323,"minecraft:walk_on_water_one_cm":7993,"minecraft:total_world_time":82747,"minecraft:fall_one_cm":31166},"minecraft:crafted":{"minecraft:cooked_porkchop":9,"minecraft:crafting_table":2,"minecraft:spruce_planks":36,"minecraft:wooden_pickaxe":1,"minecraft:cooked_chicken":4,"minecraft:iron_sword":1,"minecraft:furnace":1,"minecraft:stone_axe":1,"minecraft:cooked_mutton":7,"minecraft:air":0,"minecraft:iron_chestplate":1,"minecraft:shield":1,"minecraft:stick":20,"minecraft:iron_ingot":30,"minecraft:iron_pickaxe":1,"minecraft:stone_pickaxe":1,"minecraft:stone_sword":1,"minecraft:white_bed":1,"minecraft:torch":20,"minecraft:shears":1}},"DataVersion":3953}