{"stats":{"minecraft:used":{"minecraft:cooked_mutton":2,"minecraft:diorite":2,"minecraft:stone_sword":114,"minecraft:stone_pickaxe":121,"minecraft:spruce_planks":1,"minecraft:wooden_pickaxe":59,"minecraft:shield":26,"minecraft:iron_sword":32,"minecraft:cooked_chicken":4,"minecraft:torch":13,"minecraft:dirt":5,"minecraft:crafting_table":8,"minecraft:white_bed":5,"minecraft:granite":2,"minecraft:spruce_log":2,"minecraft:black_wool":1,"minecraft:bread":2,"minecraft:stone_axe":15,"minecraft:light_gray_wool":1,"minecraft:cobblestone":37,"minecraft:sweet_berries":11,"minecraft:furnace":3,"minecraft:cooked_porkchop":5,"minecraft:andesite":1,"minecraft:gray_wool":1},"minecraft:killed_by":{"minecraft:zombie":1},"minecraft:broken":{"minecraft:stone_sword":1,"minecraft:wooden_pickaxe":1},"minecraft:dropped":{"minecraft:brown_mushroom":2,"minecraft:stick":1,"minecraft:spruce_planks":1,"minecraft:egg":2},"minecraft:picked_up":{"minecraft:crafting_table":7,"minecraft:feather":4,"minecraft:chicken":4,"minecraft:andesite":3,"minecraft:brown_mushroom":2,"minecraft:shield":1,"minecraft:dirt":11,"minecraft:raw_copper":64,"minecraft:cooked_mutton":5,"minecraft:iron_shovel":1,"minecraft:bone":5,"minecraft:wheat_seeds":1,"minecraft:iron_ingot":3,"minecraft:stone_pickaxe":1,"minecraft:cooked_chicken":4,"minecraft:light_gray_wool":2,"minecraft:sugar_cane":62,"minecraft:egg":4,"minecraft:furnace":3,"minecraft:stick":2,"minecraft:raw_iron":46,"minecraft:cooked_porkchop":3,"minecraft:pumpkin":10,"minecraft:sweet_berries":189,"minecraft:torch":24,"minecraft:porkchop":10,"minecraft:spruce_sapling":6,"minecraft:white_bed":6,"minecraft:diorite":2,"minecraft:spruce_log":11,"minecraft:arrow":7,"minecraft:rotten_flesh":18,"minecraft:stone_axe":1,"minecraft:shears":1,"minecraft:granite":2,"minecraft:gray_wool":2,"minecraft:bread":3,"minecraft:emerald":4,"minecraft:black_wool":2,"minecraft:glow_berries":1,"minecraft:mutton":25,"minecraft:coal":70,"minecraft:white_wool":75,"minecraft:cobblestone":146},"minecraft:mined":{"minecraft:white_bed":5,"minecraft:brown_mushroom":1,"minecraft:crafting_table":7,"minecraft:torch":2,"minecraft:granite":2,"minecraft:short_grass":1,"minecraft:grass_block":3,"minecraft:tall_grass":1,"minecraft:copper_ore":10,"minecraft:spruce_leaves":33,"minecraft:sugar_cane":5,"minecraft:diorite":2,"minecraft:wall_torch":4,"minecraft:large_fern":8,"minecraft:furnace":2,"minecraft:fire":1,"minecraft:iron_ore":30,"minecraft:sweet_berry_bush":1,"minecraft:ice":1,"minecraft:spruce_log":7,"minecraft:andesite":3,"minecraft:pumpkin":5,"minecraft:coal_ore":40,"minecraft:gravel":1,"minecraft:dirt":5,"minecraft:stone":85},"minecraft:killed":{"minecraft:pig":4,"minecraft:skeleton":4,"minecraft:sheep":10,"minecraft:zombie":7,"minecraft:chicken":4},"minecraft:custom":{"minecraft:interact_with_furnace":16,"minecraft:mob_kills":31,"minecraft:interact_with_crafting_table":16,"minecraft:leave_game":1,"minecraft:time_since_death":15819,"minecraft:sleep_in_bed":3,"minecraft:time_since_rest":7280,"minecraft:sprint_one_cm":181194,"minecraft:damage_taken":1030,"minecraft:walk_one_cm":272021,"minecraft:damage_blocked_by_shield":1374,"minecraft:drop":5,"minecraft:damage_dealt":3991,"minecraft:talked_to_villager":2,"minecraft:swim_one_cm":14085,"minecraft:fly_one_cm":174678,"minecraft:open_chest":5,"minecraft:crouch_one_cm":3272,"minecraft:play_time":70747,"minecraft:deaths":1,"minecraft:sneak_time":786,"minecraft:walk_under_water_one_cm":2689,"minecraft:jump":1218,"minecraft:walk_on_water_one_cm":6126,"minecraft:total_world_time":70747,"minecraft:fall_one_cm":29448},"minecraft:crafted":{"minecraft:cooked_porkchop":8,"minecraft:crafting_table":2,"minecraft:spruce_planks":36,"minecraft:wooden_pickaxe":1,"minecraft:cooked_chicken":4,"minecraft:iron_sword":1,"minecraft:furnace":1,"minecraft:stone_axe":1,"minecraft:cooked_mutton":7,"minecraft:air":0,"minecraft:shield":1,"minecraft:stick":12,"minecraft:iron_ingot":6,"minecraft:stone_pickaxe":1,"minecraft:stone_sword":1,"minecraft:white_bed":1,"minecraft:torch":20,"minecraft:shears":1}},"DataVersion":3953}