{"stats":{"minecraft:killed":{"minecraft:skeleton":7,"minecraft:chicken":4,"minecraft:drowned":1,"minecraft:pig":4,"minecraft:salmon":5,"minecraft:creeper":2,"minecraft:squid":1,"minecraft:sheep":15,"minecraft:zombie":22,"minecraft:cow":14},"minecraft:killed_by":{"minecraft:zombie":1},"minecraft:used":{"minecraft:cherry_sapling":23,"minecraft:stone_sword":114,"minecraft:iron_shovel":152,"minecraft:brain_coral_fan":1,"minecraft:flint_and_steel":3,"minecraft:chest":19,"minecraft:spruce_planks":1,"minecraft:iron_sword":224,"minecraft:shield":41,"minecraft:stone":210,"minecraft:cooked_salmon":3,"minecraft:cooked_chicken":4,"minecraft:tube_coral":2,"minecraft:torch":43,"minecraft:dirt":63,"minecraft:spruce_stairs":7,"minecraft:acacia_sapling":3,"minecraft:golden_shovel":15,"minecraft:granite":2,"minecraft:obsidian":10,"minecraft:glass":7,"minecraft:spruce_boat":6,"minecraft:jungle_sapling":1,"minecraft:dark_oak_planks":227,"minecraft:birch_sapling":1,"minecraft:lantern":17,"minecraft:spruce_wood":7,"minecraft:iron_axe":1478,"minecraft:dark_oak_slab":36,"minecraft:stone_brick_stairs":27,"minecraft:bamboo":20,"minecraft:light_gray_wool":3,"minecraft:potato":12,"minecraft:sweet_berries":129,"minecraft:oak_sapling":1,"minecraft:furnace":11,"minecraft:seagrass":5,"minecraft:cooked_beef":8,"minecraft:fire_coral_fan":1,"minecraft:stone_pressure_plate":5,"minecraft:pumpkin":1,"minecraft:dark_oak_sapling":8,"minecraft:wheat_seeds":133,"minecraft:cooked_mutton":15,"minecraft:dark_oak_stairs":134,"minecraft:water_bucket":71,"minecraft:diorite":2,"minecraft:stone_pickaxe":134,"minecraft:wooden_pickaxe":59,"minecraft:sugar_cane":7,"minecraft:cobblestone_slab":192,"minecraft:white_wool":2,"minecraft:dark_oak_trapdoor":1,"minecraft:glow_berries":19,"minecraft:mossy_cobblestone":1,"minecraft:crafting_table":19,"minecraft:blast_furnace":2,"minecraft:white_bed":12,"minecraft:spruce_log":2,"minecraft:stone_brick_wall":24,"minecraft:dark_oak_door":7,"minecraft:birch_fence":58,"minecraft:black_wool":1,"minecraft:diamond_pickaxe":6,"minecraft:apple":14,"minecraft:dark_oak_log":152,"minecraft:mangrove_door":1,"minecraft:iron_pickaxe":576,"minecraft:gravel":1,"minecraft:sunflower":8,"minecraft:bread":15,"minecraft:stone_axe":137,"minecraft:pink_petals":117,"minecraft:cobblestone":233,"minecraft:andesite":1,"minecraft:dark_oak_fence":38,"minecraft:white_banner":4,"minecraft:cooked_porkchop":5,"minecraft:bucket":17,"minecraft:birch_log":2,"minecraft:glass_pane":51,"minecraft:sea_pickle":13,"minecraft:tropical_fish_bucket":2,"minecraft:gray_wool":1,"minecraft:bone_meal":227},"minecraft:picked_up":{"minecraft:crafting_table":16,"minecraft:wheat":3,"minecraft:chicken":4,"minecraft:brown_mushroom":2,"minecraft:shield":1,"minecraft:music_disc_cat":1,"minecraft:raw_copper":64,"minecraft:iron_shovel":2,"minecraft:bucket":3,"minecraft:spruce_planks":4,"minecraft:beef":27,"minecraft:jungle_sapling":1,"minecraft:light_gray_wool":6,"minecraft:sugar_cane":62,"minecraft:chest":3,"minecraft:birch_sapling":50,"minecraft:furnace":8,"minecraft:egg":5,"minecraft:dark_oak_door":2,"minecraft:dark_oak_sapling":2,"minecraft:stick":41,"minecraft:raw_iron":59,"minecraft:torch":29,"minecraft:spruce_stairs":7,"minecraft:fire_charge":3,"minecraft:porkchop":10,"minecraft:cherry_log":13,"minecraft:diorite":6,"minecraft:dark_oak_planks":97,"minecraft:tnt":3,"minecraft:arrow":9,"minecraft:rotten_flesh":54,"minecraft:shears":1,"minecraft:hay_block":2,"minecraft:gold_ingot":11,"minecraft:glow_berries":2,"minecraft:obsidian":4,"minecraft:mutton":34,"minecraft:white_wool":84,"minecraft:cobblestone":603,"minecraft:birch_log":1010,"minecraft:pink_petals":64,"minecraft:feather":4,"minecraft:cooked_beef":7,"minecraft:andesite":3,"minecraft:salmon":5,"minecraft:leather":26,"minecraft:potato":12,"minecraft:flint":22,"minecraft:oak_log":10,"minecraft:gunpowder":1,"minecraft:dirt":147,"minecraft:white_banner":1,"minecraft:cooked_mutton":5,"minecraft:bone":12,"minecraft:apple":1,"minecraft:wheat_seeds":8,"minecraft:iron_ingot":8,"minecraft:stone_pickaxe":1,"minecraft:cooked_chicken":4,"minecraft:diamond_helmet":2,"minecraft:bamboo":16,"minecraft:acacia_sapling":4,"minecraft:cooked_porkchop":3,"minecraft:pumpkin":13,"minecraft:sweet_berries":292,"minecraft:gravel":143,"minecraft:sand":1,"minecraft:amethyst_shard":14,"minecraft:spruce_sapling":12,"minecraft:blast_furnace":2,"minecraft:ink_sac":3,"minecraft:white_bed":11,"minecraft:spruce_log":31,"minecraft:crying_obsidian":1,"minecraft:dark_oak_log":158,"minecraft:spruce_door":1,"minecraft:mossy_cobblestone":1,"minecraft:diamond":40,"minecraft:spruce_boat":8,"minecraft:stone_axe":1,"minecraft:granite":2,"minecraft:bone_meal":2,"minecraft:birch_sign":1,"minecraft:cherry_sapling":19,"minecraft:golden_apple":1,"minecraft:gray_wool":2,"minecraft:bread":14,"minecraft:emerald":7,"minecraft:netherrack":29,"minecraft:oak_sapling":1,"minecraft:melon_seeds":2,"minecraft:black_wool":2,"minecraft:coal":250,"minecraft:sunflower":77,"minecraft:diamond_pickaxe":2},"minecraft:custom":{"minecraft:interact_with_anvil":2,"minecraft:mob_kills":79,"minecraft:animals_bred":6,"minecraft:interact_with_crafting_table":48,"minecraft:leave_game":12,"minecraft:time_since_death":498246,"minecraft:climb_one_cm":6305,"minecraft:sprint_one_cm":1107888,"minecraft:walk_one_cm":1454148,"minecraft:damage_blocked_by_shield":1918,"minecraft:drop":69,"minecraft:talked_to_villager":5,"minecraft:play_time":553174,"minecraft:sneak_time":9344,"minecraft:deaths":1,"minecraft:walk_under_water_one_cm":62089,"minecraft:boat_one_cm":323852,"minecraft:jump":6924,"minecraft:interact_with_blast_furnace":13,"minecraft:walk_on_water_one_cm":56908,"minecraft:total_world_time":553174,"minecraft:interact_with_furnace":60,"minecraft:traded_with_villager":1,"minecraft:sleep_in_bed":15,"minecraft:time_since_rest":28113,"minecraft:damage_taken":3493,"minecraft:damage_dealt":10602,"minecraft:swim_one_cm":105128,"minecraft:fly_one_cm":2570592,"minecraft:open_chest":163,"minecraft:crouch_one_cm":26520,"minecraft:fall_one_cm":169842},"minecraft:crafted":{"minecraft:cooked_chicken":4,"minecraft:furnace":4,"minecraft:stone":7,"minecraft:cooked_mutton":25,"minecraft:iron_boots":1,"minecraft:iron_axe":7,"minecraft:stone_pickaxe":1,"minecraft:chest":16,"minecraft:spruce_boat":1,"minecraft:stone_hoe":1,"minecraft:dark_oak_planks":320,"minecraft:wheat":18,"minecraft:cooked_beef":28,"minecraft:emerald":1,"minecraft:cooked_porkchop":9,"minecraft:crafting_table":4,"minecraft:spruce_planks":116,"minecraft:wooden_pickaxe":1,"minecraft:iron_helmet":1,"minecraft:iron_sword":1,"minecraft:cooked_salmon":5,"minecraft:copper_ingot":27,"minecraft:birch_planks":20,"minecraft:stone_axe":1,"minecraft:bread":6,"minecraft:air":0,"minecraft:iron_chestplate":1,"minecraft:diamond_pickaxe":1,"minecraft:shield":1,"minecraft:stick":40,"minecraft:iron_ingot":35,"minecraft:iron_pickaxe":3,"minecraft:stone_sword":1,"minecraft:iron_leggings":1,"minecraft:white_bed":1,"minecraft:torch":40,"minecraft:shears":1},"minecraft:dropped":{"minecraft:water_bucket":1,"minecraft:brown_mushroom":2,"minecraft:cherry_log":2,"minecraft:crafting_table":2,"minecraft:dark_oak_sapling":2,"minecraft:feather":3,"minecraft:cobblestone":21,"minecraft:coal":30,"minecraft:stick":13,"minecraft:dirt":41,"minecraft:dark_oak_log":26,"minecraft:torch":1,"minecraft:cooked_cod":6,"minecraft:sunflower":5,"minecraft:iron_shovel":1,"minecraft:pink_petals":3,"minecraft:white_wool":2,"minecraft:bucket":2,"minecraft:music_disc_cat":2,"minecraft:spruce_sapling":8,"minecraft:gold_ingot":11,"minecraft:bone":6,"minecraft:sweet_berries":6,"minecraft:birch_sapling":3,"minecraft:wheat":2,"minecraft:cherry_sapling":2,"minecraft:rotten_flesh":57,"minecraft:flint_and_steel":1,"minecraft:potato":8,"minecraft:spruce_boat":2,"minecraft:spruce_planks":1,"minecraft:diamond_pickaxe":1,"minecraft:melon_seeds":2,"minecraft:golden_leggings":1,"minecraft:acacia_sapling":1,"minecraft:bamboo":3,"minecraft:stone_pickaxe":1,"minecraft:crying_obsidian":1,"minecraft:egg":2},"minecraft:mined":{"minecraft:dark_oak_planks":1,"minecraft:crying_obsidian":1,"minecraft:spruce_planks":2,"minecraft:white_bed":10,"minecraft:mossy_cobblestone":1,"minecraft:dark_oak_leaves":15,"minecraft:cherry_log":12,"minecraft:cherry_sapling":1,"minecraft:jungle_leaves":14,"minecraft:dark_oak_log":158,"minecraft:obsidian":4,"minecraft:granite":2,"minecraft:grass_block":36,"minecraft:jungle_log":5,"minecraft:spruce_leaves":42,"minecraft:large_fern":8,"minecraft:hay_block":2,"minecraft:furnace":7,"minecraft:iron_ore":43,"minecraft:fire":11,"minecraft:andesite":3,"minecraft:pumpkin":5,"minecraft:vine":6,"minecraft:birch_wall_sign":1,"minecraft:bamboo":2,"minecraft:stone":479,"minecraft:white_wool":2,"minecraft:spruce_slab":1,"minecraft:acacia_leaves":24,"minecraft:brown_mushroom":1,"minecraft:glass_pane":1,"minecraft:spruce_door":1,"minecraft:torch":3,"minecraft:crafting_table":15,"minecraft:short_grass":27,"minecraft:blast_furnace":2,"minecraft:chest":3,"minecraft:copper_ore":11,"minecraft:tall_grass":3,"minecraft:cobblestone":21,"minecraft:sugar_cane":5,"minecraft:diorite":2,"minecraft:wall_torch":4,"minecraft:pink_petals":33,"minecraft:spruce_stairs":7,"minecraft:sweet_berry_bush":16,"minecraft:birch_log":974,"minecraft:ice":1,"minecraft:wheat":1,"minecraft:spruce_log":25,"minecraft:birch_leaves":200,"minecraft:light_gray_wool":2,"minecraft:white_wall_banner":1,"minecraft:coal_ore":155,"minecraft:oak_log":10,"minecraft:gravel":102,"minecraft:cherry_leaves":105,"minecraft:sunflower":41,"minecraft:sand":1,"minecraft:dirt":46,"minecraft:netherrack":33,"minecraft:oak_leaves":8,"minecraft:fern":2},"minecraft:broken":{"minecraft:stone_sword":1,"minecraft:wooden_pickaxe":1,"minecraft:stone_pickaxe":1,"minecraft:iron_axe":5,"minecraft:stone_axe":1,"minecraft:iron_pickaxe":2}},"DataVersion":3953}