{"stats":{"minecraft:killed":{"minecraft:cave_spider":1,"minecraft:skeleton":7,"minecraft:chicken":4,"minecraft:pig":4,"minecraft:salmon":5,"minecraft:creeper":2,"minecraft:sheep":15,"minecraft:zombie":23,"minecraft:cow":14,"minecraft:drowned":1,"minecraft:squid":1},"minecraft:killed_by":{"minecraft:creeper":1,"minecraft:zombie":1},"minecraft:used":{"minecraft:cherry_sapling":23,"minecraft:iron_shovel":152,"minecraft:chest":19,"minecraft:shield":48,"minecraft:stone":210,"minecraft:iron_sword":285,"minecraft:tube_coral":2,"minecraft:acacia_sapling":3,"minecraft:obsidian":10,"minecraft:spruce_boat":6,"minecraft:jungle_sapling":1,"minecraft:glass":7,"minecraft:spruce_wood":7,"minecraft:lantern":17,"minecraft:birch_sapling":1,"minecraft:dark_oak_slab":36,"minecraft:stone_brick_stairs":27,"minecraft:sweet_berries":129,"minecraft:furnace":11,"minecraft:oak_sapling":1,"minecraft:fire_coral_fan":1,"minecraft:potato":12,"minecraft:seagrass":5,"minecraft:dark_oak_sapling":8,"minecraft:dark_oak_stairs":134,"minecraft:diorite":3,"minecraft:stone_pickaxe":134,"minecraft:wooden_pickaxe":59,"minecraft:sugar_cane":7,"minecraft:white_wool":2,"minecraft:glow_berries":19,"minecraft:dark_oak_trapdoor":1,"minecraft:blast_furnace":2,"minecraft:stone_brick_wall":24,"minecraft:birch_fence":58,"minecraft:mangrove_door":1,"minecraft:dark_oak_log":152,"minecraft:bread":19,"minecraft:gravel":1,"minecraft:dark_oak_fence":38,"minecraft:birch_log":2,"minecraft:andesite":2,"minecraft:tropical_fish_bucket":2,"minecraft:bone_meal":227,"minecraft:stone_sword":114,"minecraft:flint_and_steel":3,"minecraft:brain_coral_fan":1,"minecraft:spruce_planks":1,"minecraft:cooked_salmon":3,"minecraft:cooked_chicken":4,"minecraft:torch":67,"minecraft:dirt":63,"minecraft:spruce_stairs":7,"minecraft:golden_shovel":15,"minecraft:granite":3,"minecraft:dark_oak_planks":227,"minecraft:iron_axe":1479,"minecraft:bamboo":20,"minecraft:light_gray_wool":3,"minecraft:stone_pressure_plate":5,"minecraft:cobbled_deepslate":2,"minecraft:cooked_beef":8,"minecraft:pumpkin":1,"minecraft:wheat_seeds":133,"minecraft:cooked_mutton":18,"minecraft:water_bucket":72,"minecraft:cobblestone_slab":192,"minecraft:mossy_cobblestone":1,"minecraft:crafting_table":19,"minecraft:white_bed":12,"minecraft:spruce_log":2,"minecraft:dark_oak_door":7,"minecraft:diamond_pickaxe":6,"minecraft:black_wool":1,"minecraft:apple":14,"minecraft:sunflower":8,"minecraft:iron_pickaxe":722,"minecraft:stone_axe":137,"minecraft:pink_petals":117,"minecraft:cobblestone":233,"minecraft:white_banner":4,"minecraft:cooked_porkchop":5,"minecraft:bucket":18,"minecraft:glass_pane":51,"minecraft:sea_pickle":13,"minecraft:gray_wool":1},"minecraft:picked_up":{"minecraft:iron_chestplate":1,"minecraft:wheat":3,"minecraft:golden_shovel":1,"minecraft:music_disc_cat":1,"minecraft:string":64,"minecraft:raw_copper":64,"minecraft:iron_leggings":1,"minecraft:cobbled_deepslate":49,"minecraft:bucket":3,"minecraft:spruce_planks":4,"minecraft:iron_pickaxe":1,"minecraft:iron_boots":1,"minecraft:furnace":8,"minecraft:dark_oak_door":2,"minecraft:stick":50,"minecraft:oak_fence":1,"minecraft:torch":58,"minecraft:spruce_stairs":7,"minecraft:porkchop":10,"minecraft:cherry_log":13,"minecraft:diorite":7,"minecraft:rotten_flesh":56,"minecraft:obsidian":4,"minecraft:cobblestone":609,"minecraft:birch_log":1010,"minecraft:pink_petals":64,"minecraft:feather":4,"minecraft:cooked_beef":7,"minecraft:water_bucket":1,"minecraft:andesite":4,"minecraft:potato":12,"minecraft:flint":22,"minecraft:tuff":7,"minecraft:dirt":147,"minecraft:lapis_lazuli":164,"minecraft:bone":12,"minecraft:wheat_seeds":8,"minecraft:raw_gold":8,"minecraft:diamond_helmet":3,"minecraft:bamboo":16,"minecraft:stone_hoe":1,"minecraft:oak_planks":37,"minecraft:cooked_porkchop":6,"minecraft:sand":1,"minecraft:ink_sac":3,"minecraft:dark_oak_log":158,"minecraft:mossy_cobblestone":1,"minecraft:diamond":48,"minecraft:spruce_boat":8,"minecraft:granite":3,"minecraft:bone_meal":2,"minecraft:golden_apple":2,"minecraft:emerald":7,"minecraft:bread":31,"minecraft:oak_sapling":1,"minecraft:netherrack":29,"minecraft:diamond_pickaxe":3,"minecraft:crafting_table":18,"minecraft:chicken":4,"minecraft:brown_mushroom":2,"minecraft:shield":2,"minecraft:iron_axe":2,"minecraft:iron_shovel":2,"minecraft:beef":27,"minecraft:oak_boat":1,"minecraft:jungle_sapling":1,"minecraft:light_gray_wool":6,"minecraft:sugar_cane":62,"minecraft:chest":3,"minecraft:birch_sapling":50,"minecraft:egg":5,"minecraft:dark_oak_sapling":2,"minecraft:raw_iron":126,"minecraft:fire_charge":3,"minecraft:redstone":23,"minecraft:dark_oak_planks":97,"minecraft:tnt":3,"minecraft:arrow":9,"minecraft:shears":1,"minecraft:hay_block":2,"minecraft:gold_ingot":11,"minecraft:mutton":34,"minecraft:glow_berries":2,"minecraft:white_wool":84,"minecraft:salmon":5,"minecraft:leather":39,"minecraft:oak_log":10,"minecraft:gunpowder":1,"minecraft:white_banner":1,"minecraft:cooked_mutton":6,"minecraft:apple":1,"minecraft:spore_blossom":1,"minecraft:heart_of_the_sea":1,"minecraft:iron_ingot":8,"minecraft:stone_pickaxe":1,"minecraft:cooked_chicken":4,"minecraft:iron_sword":1,"minecraft:acacia_sapling":4,"minecraft:sweet_berries":292,"minecraft:pumpkin":13,"minecraft:gravel":152,"minecraft:amethyst_shard":14,"minecraft:spruce_sapling":12,"minecraft:blast_furnace":2,"minecraft:white_bed":11,"minecraft:spruce_log":31,"minecraft:crying_obsidian":1,"minecraft:spruce_door":1,"minecraft:stone_axe":1,"minecraft:cherry_sapling":19,"minecraft:birch_sign":1,"minecraft:gray_wool":2,"minecraft:black_wool":2,"minecraft:melon_seeds":2,"minecraft:coal":258,"minecraft:sunflower":77},"minecraft:custom":{"minecraft:animals_bred":6,"minecraft:interact_with_crafting_table":49,"minecraft:leave_game":12,"minecraft:time_since_death":18623,"minecraft:sprint_one_cm":1220553,"minecraft:damage_blocked_by_shield":2068,"minecraft:drop":69,"minecraft:talked_to_villager":5,"minecraft:play_time":583174,"minecraft:deaths":2,"minecraft:jump":7216,"minecraft:walk_on_water_one_cm":59863,"minecraft:interact_with_furnace":60,"minecraft:traded_with_villager":1,"minecraft:sleep_in_bed":16,"minecraft:damage_dealt":10921,"minecraft:crouch_one_cm":27566,"minecraft:mob_kills":81,"minecraft:interact_with_anvil":2,"minecraft:climb_one_cm":6305,"minecraft:walk_one_cm":1545482,"minecraft:sneak_time":10123,"minecraft:walk_under_water_one_cm":64491,"minecraft:boat_one_cm":323852,"minecraft:interact_with_blast_furnace":13,"minecraft:total_world_time":583174,"minecraft:time_since_rest":18457,"minecraft:damage_taken":4106,"minecraft:swim_one_cm":110397,"minecraft:fly_one_cm":2695483,"minecraft:open_chest":167,"minecraft:fall_one_cm":181484},"minecraft:dropped":{"minecraft:brown_mushroom":2,"minecraft:crafting_table":2,"minecraft:dark_oak_sapling":2,"minecraft:dirt":41,"minecraft:dark_oak_log":26,"minecraft:cooked_cod":6,"minecraft:sunflower":5,"minecraft:white_wool":2,"minecraft:gold_ingot":11,"minecraft:bone":6,"minecraft:wheat":2,"minecraft:birch_sapling":3,"minecraft:cherry_sapling":2,"minecraft:rotten_flesh":57,"minecraft:melon_seeds":2,"minecraft:acacia_sapling":1,"minecraft:crying_obsidian":1,"minecraft:egg":2,"minecraft:water_bucket":1,"minecraft:cherry_log":2,"minecraft:feather":3,"minecraft:cobblestone":21,"minecraft:coal":30,"minecraft:stick":13,"minecraft:torch":1,"minecraft:iron_shovel":1,"minecraft:pink_petals":3,"minecraft:bucket":2,"minecraft:music_disc_cat":2,"minecraft:spruce_sapling":8,"minecraft:sweet_berries":6,"minecraft:flint_and_steel":1,"minecraft:potato":8,"minecraft:spruce_boat":2,"minecraft:spruce_planks":1,"minecraft:diamond_pickaxe":1,"minecraft:golden_leggings":1,"minecraft:bamboo":3,"minecraft:stone_pickaxe":1},"minecraft:crafted":{"minecraft:oak_planks":40,"minecraft:cooked_chicken":4,"minecraft:stone":7,"minecraft:cooked_mutton":25,"minecraft:iron_boots":1,"minecraft:chest":16,"minecraft:stone_hoe":1,"minecraft:emerald":1,"minecraft:cooked_porkchop":9,"minecraft:crafting_table":4,"minecraft:spruce_planks":116,"minecraft:wooden_pickaxe":1,"minecraft:iron_helmet":1,"minecraft:copper_ingot":27,"minecraft:birch_planks":20,"minecraft:iron_chestplate":1,"minecraft:diamond_pickaxe":1,"minecraft:shield":1,"minecraft:stick":40,"minecraft:iron_ingot":35,"minecraft:iron_pickaxe":3,"minecraft:stone_sword":1,"minecraft:shears":1,"minecraft:furnace":4,"minecraft:iron_axe":7,"minecraft:stone_pickaxe":1,"minecraft:spruce_boat":1,"minecraft:dark_oak_planks":320,"minecraft:wheat":18,"minecraft:cooked_beef":28,"minecraft:iron_sword":1,"minecraft:cooked_salmon":5,"minecraft:stone_axe":1,"minecraft:air":0,"minecraft:bread":23,"minecraft:oak_boat":1,"minecraft:iron_leggings":1,"minecraft:white_bed":1,"minecraft:torch":72},"minecraft:mined":{"minecraft:dark_oak_planks":1,"minecraft:spruce_planks":2,"minecraft:white_bed":10,"minecraft:cherry_log":12,"minecraft:jungle_leaves":14,"minecraft:obsidian":4,"minecraft:granite":4,"minecraft:grass_block":36,"minecraft:jungle_log":5,"minecraft:spawner":2,"minecraft:iron_ore":51,"minecraft:fire":11,"minecraft:pumpkin":5,"minecraft:deepslate_lapis_ore":18,"minecraft:birch_wall_sign":1,"minecraft:spruce_slab":1,"minecraft:deepslate_redstone_ore":5,"minecraft:brown_mushroom":1,"minecraft:torch":4,"minecraft:blast_furnace":2,"minecraft:chest":3,"minecraft:cobblestone":21,"minecraft:sugar_cane":5,"minecraft:wall_torch":4,"minecraft:pink_petals":33,"minecraft:birch_log":974,"minecraft:wheat":1,"minecraft:light_gray_wool":2,"minecraft:oak_log":10,"minecraft:sand":1,"minecraft:dirt":46,"minecraft:netherrack":33,"minecraft:oak_leaves":8,"minecraft:deepslate":38,"minecraft:crying_obsidian":1,"minecraft:tuff":8,"minecraft:mossy_cobblestone":1,"minecraft:dark_oak_leaves":15,"minecraft:deepslate_diamond_ore":8,"minecraft:cherry_sapling":1,"minecraft:dark_oak_log":158,"minecraft:spruce_leaves":42,"minecraft:large_fern":8,"minecraft:hay_block":2,"minecraft:spore_blossom":1,"minecraft:furnace":7,"minecraft:andesite":4,"minecraft:deepslate_iron_ore":47,"minecraft:vine":6,"minecraft:bamboo":2,"minecraft:stone":479,"minecraft:white_wool":2,"minecraft:acacia_leaves":24,"minecraft:glass_pane":1,"minecraft:spruce_door":1,"minecraft:crafting_table":16,"minecraft:short_grass":27,"minecraft:tall_grass":3,"minecraft:copper_ore":11,"minecraft:deepslate_gold_ore":8,"minecraft:diorite":3,"minecraft:spruce_stairs":7,"minecraft:sweet_berry_bush":16,"minecraft:ice":1,"minecraft:spruce_log":25,"minecraft:birch_leaves":200,"minecraft:white_wall_banner":1,"minecraft:coal_ore":155,"minecraft:cherry_leaves":105,"minecraft:sunflower":41,"minecraft:gravel":102,"minecraft:cobweb":49,"minecraft:fern":2},"minecraft:broken":{"minecraft:stone_pickaxe":1,"minecraft:stone_axe":1,"minecraft:iron_sword":1,"minecraft:stone_sword":1,"minecraft:wooden_pickaxe":1,"minecraft:iron_axe":5,"minecraft:iron_pickaxe":2}},"DataVersion":3953}