{"stats":{"minecraft:used":{"minecraft:cooked_mutton":2,"minecraft:diorite":2,"minecraft:stone_sword":114,"minecraft:stone_pickaxe":105,"minecraft:spruce_planks":1,"minecraft:wooden_pickaxe":59,"minecraft:shield":1,"minecraft:torch":11,"minecraft:dirt":5,"minecraft:crafting_table":6,"minecraft:white_bed":1,"minecraft:granite":2,"minecraft:spruce_log":2,"minecraft:stone_axe":13,"minecraft:cobblestone":9,"minecraft:sweet_berries":5,"minecraft:furnace":2,"minecraft:cooked_porkchop":5,"minecraft:andesite":1},"minecraft:killed_by":{"minecraft:zombie":1},"minecraft:broken":{"minecraft:stone_sword":1,"minecraft:wooden_pickaxe":1},"minecraft:dropped":{"minecraft:brown_mushroom":2,"minecraft:stick":1,"minecraft:spruce_planks":1,"minecraft:egg":2},"minecraft:picked_up":{"minecraft:crafting_table":6,"minecraft:feather":4,"minecraft:chicken":4,"minecraft:andesite":1,"minecraft:brown_mushroom":2,"minecraft:shield":1,"minecraft:dirt":11,"minecraft:raw_copper":64,"minecraft:cooked_mutton":5,"minecraft:iron_shovel":1,"minecraft:bone":1,"minecraft:wheat_seeds":1,"minecraft:iron_ingot":3,"minecraft:stone_pickaxe":1,"minecraft:cooked_chicken":4,"minecraft:light_gray_wool":2,"minecraft:sugar_cane":62,"minecraft:egg":4,"minecraft:furnace":3,"minecraft:stick":2,"minecraft:raw_iron":40,"minecraft:cooked_porkchop":3,"minecraft:pumpkin":10,"minecraft:sweet_berries":189,"minecraft:torch":23,"minecraft:porkchop":10,"minecraft:spruce_sapling":6,"minecraft:white_bed":2,"minecraft:diorite":2,"minecraft:spruce_log":11,"minecraft:arrow":4,"minecraft:rotten_flesh":18,"minecraft:stone_axe":1,"minecraft:shears":1,"minecraft:granite":2,"minecraft:gray_wool":2,"minecraft:bread":3,"minecraft:emerald":4,"minecraft:black_wool":2,"minecraft:mutton":25,"minecraft:coal":69,"minecraft:white_wool":75,"minecraft:cobblestone":139},"minecraft:mined":{"minecraft:white_bed":1,"minecraft:brown_mushroom":1,"minecraft:crafting_table":5,"minecraft:torch":2,"minecraft:granite":2,"minecraft:short_grass":1,"minecraft:grass_block":3,"minecraft:copper_ore":10,"minecraft:spruce_leaves":33,"minecraft:sugar_cane":5,"minecraft:diorite":2,"minecraft:wall_torch":4,"minecraft:large_fern":8,"minecraft:furnace":2,"minecraft:fire":1,"minecraft:iron_ore":24,"minecraft:sweet_berry_bush":1,"minecraft:ice":1,"minecraft:spruce_log":7,"minecraft:andesite":1,"minecraft:pumpkin":5,"minecraft:coal_ore":39,"minecraft:gravel":1,"minecraft:dirt":5,"minecraft:stone":78},"minecraft:killed":{"minecraft:pig":4,"minecraft:sheep":10,"minecraft:zombie":5,"minecraft:chicken":4},"minecraft:custom":{"minecraft:interact_with_furnace":15,"minecraft:mob_kills":23,"minecraft:interact_with_crafting_table":11,"minecraft:leave_game":1,"minecraft:time_since_death":3819,"minecraft:sleep_in_bed":1,"minecraft:time_since_rest":3932,"minecraft:sprint_one_cm":173331,"minecraft:damage_taken":660,"minecraft:walk_one_cm":247498,"minecraft:damage_blocked_by_shield":124,"minecraft:drop":5,"minecraft:damage_dealt":2514,"minecraft:talked_to_villager":2,"minecraft:swim_one_cm":14085,"minecraft:fly_one_cm":165721,"minecraft:open_chest":5,"minecraft:crouch_one_cm":2588,"minecraft:play_time":58747,"minecraft:deaths":1,"minecraft:sneak_time":595,"minecraft:walk_under_water_one_cm":2559,"minecraft:jump":1078,"minecraft:walk_on_water_one_cm":3653,"minecraft:total_world_time":58747,"minecraft:fall_one_cm":27772},"minecraft:crafted":{"minecraft:cooked_porkchop":8,"minecraft:crafting_table":1,"minecraft:spruce_planks":24,"minecraft:wooden_pickaxe":1,"minecraft:cooked_chicken":4,"minecraft:iron_sword":1,"minecraft:furnace":1,"minecraft:stone_axe":1,"minecraft:cooked_mutton":7,"minecraft:air":0,"minecraft:shield":1,"minecraft:stick":12,"minecraft:iron_ingot":6,"minecraft:stone_pickaxe":1,"minecraft:stone_sword":1,"minecraft:white_bed":1,"minecraft:torch":20,"minecraft:shears":1}},"DataVersion":3953}