{"stats":{"minecraft:used":{"minecraft:torch":1,"minecraft:stone_axe":1,"minecraft:crafting_table":2,"minecraft:wooden_pickaxe":55},"minecraft:picked_up":{"minecraft:crafting_table":1,"minecraft:spruce_log":5,"minecraft:coal":13,"minecraft:dirt":3,"minecraft:cobblestone":42},"minecraft:mined":{"minecraft:grass_block":1,"minecraft:coal_ore":13,"minecraft:dirt":2,"minecraft:spruce_leaves":1,"minecraft:spruce_log":6,"minecraft:stone":42,"minecraft:crafting_table":1},"minecraft:custom":{"minecraft:time_since_rest":10747,"minecraft:crouch_one_cm":169,"minecraft:play_time":10747,"minecraft:sprint_one_cm":16947,"minecraft:damage_taken":40,"minecraft:walk_one_cm":14871,"minecraft:sneak_time":52,"minecraft:jump":154,"minecraft:walk_on_water_one_cm":926,"minecraft:time_since_death":10747,"minecraft:leave_game":1,"minecraft:total_world_time":10747,"minecraft:interact_with_crafting_table":4,"minecraft:fall_one_cm":4019,"minecraft:fly_one_cm":42566},"minecraft:crafted":{"minecraft:stone_sword":1,"minecraft:torch":4,"minecraft:stone_axe":1,"minecraft:crafting_table":1,"minecraft:spruce_planks":20,"minecraft:stick":8,"minecraft:stone_pickaxe":1,"minecraft:wooden_pickaxe":1}},"DataVersion":3953}