{"stats":{"minecraft:used":{"minecraft:cooked_mutton":2,"minecraft:diorite":2,"minecraft:stone_sword":114,"minecraft:iron_shovel":18,"minecraft:stone_pickaxe":134,"minecraft:spruce_planks":1,"minecraft:wooden_pickaxe":59,"minecraft:shield":30,"minecraft:iron_sword":62,"minecraft:cooked_chicken":4,"minecraft:glow_berries":1,"minecraft:torch":15,"minecraft:mossy_cobblestone":1,"minecraft:dirt":28,"minecraft:crafting_table":9,"minecraft:spruce_stairs":7,"minecraft:white_bed":7,"minecraft:granite":2,"minecraft:spruce_log":2,"minecraft:black_wool":1,"minecraft:iron_pickaxe":138,"minecraft:bread":4,"minecraft:stone_axe":55,"minecraft:light_gray_wool":1,"minecraft:cobblestone":178,"minecraft:sweet_berries":49,"minecraft:furnace":5,"minecraft:cooked_porkchop":5,"minecraft:bucket":1,"minecraft:andesite":1,"minecraft:pumpkin":1,"minecraft:gray_wool":1},"minecraft:killed_by":{"minecraft:zombie":1},"minecraft:broken":{"minecraft:stone_pickaxe":1,"minecraft:stone_sword":1,"minecraft:wooden_pickaxe":1},"minecraft:dropped":{"minecraft:brown_mushroom":2,"minecraft:rotten_flesh":52,"minecraft:stick":11,"minecraft:dirt":10,"minecraft:spruce_planks":1,"minecraft:melon_seeds":2,"minecraft:iron_shovel":1,"minecraft:music_disc_cat":2,"minecraft:bucket":2,"minecraft:spruce_sapling":6,"minecraft:egg":2},"minecraft:picked_up":{"minecraft:crafting_table":8,"minecraft:feather":4,"minecraft:chicken":4,"minecraft:andesite":3,"minecraft:brown_mushroom":2,"minecraft:shield":1,"minecraft:music_disc_cat":1,"minecraft:dirt":72,"minecraft:raw_copper":64,"minecraft:cooked_mutton":5,"minecraft:iron_shovel":2,"minecraft:bone":6,"minecraft:wheat_seeds":1,"minecraft:bucket":2,"minecraft:spruce_planks":1,"minecraft:iron_ingot":8,"minecraft:stone_pickaxe":1,"minecraft:cooked_chicken":4,"minecraft:diamond_helmet":1,"minecraft:light_gray_wool":2,"minecraft:sugar_cane":62,"minecraft:egg":4,"minecraft:furnace":5,"minecraft:stick":2,"minecraft:raw_iron":46,"minecraft:cooked_porkchop":3,"minecraft:pumpkin":13,"minecraft:sweet_berries":224,"minecraft:torch":26,"minecraft:gravel":5,"minecraft:spruce_stairs":7,"minecraft:porkchop":10,"minecraft:spruce_sapling":12,"minecraft:white_bed":8,"minecraft:diorite":6,"minecraft:spruce_log":31,"minecraft:spruce_door":1,"minecraft:mossy_cobblestone":1,"minecraft:arrow":9,"minecraft:rotten_flesh":40,"minecraft:stone_axe":1,"minecraft:shears":1,"minecraft:granite":2,"minecraft:gray_wool":2,"minecraft:bread":3,"minecraft:emerald":4,"minecraft:melon_seeds":2,"minecraft:black_wool":2,"minecraft:glow_berries":1,"minecraft:mutton":26,"minecraft:coal":72,"minecraft:white_wool":76,"minecraft:cobblestone":295},"minecraft:mined":{"minecraft:spruce_planks":1,"minecraft:white_bed":7,"minecraft:brown_mushroom":1,"minecraft:mossy_cobblestone":1,"minecraft:spruce_door":1,"minecraft:crafting_table":8,"minecraft:torch":3,"minecraft:granite":2,"minecraft:short_grass":1,"minecraft:grass_block":13,"minecraft:cobblestone":21,"minecraft:tall_grass":1,"minecraft:copper_ore":10,"minecraft:spruce_leaves":42,"minecraft:sugar_cane":5,"minecraft:diorite":2,"minecraft:wall_torch":4,"minecraft:large_fern":8,"minecraft:spruce_stairs":7,"minecraft:furnace":4,"minecraft:fire":1,"minecraft:iron_ore":30,"minecraft:sweet_berry_bush":3,"minecraft:ice":1,"minecraft:spruce_log":25,"minecraft:andesite":3,"minecraft:pumpkin":5,"minecraft:coal_ore":40,"minecraft:gravel":6,"minecraft:dirt":16,"minecraft:stone":212,"minecraft:fern":2},"minecraft:killed":{"minecraft:pig":4,"minecraft:skeleton":5,"minecraft:sheep":11,"minecraft:zombie":10,"minecraft:chicken":4,"minecraft:drowned":1},"minecraft:custom":{"minecraft:interact_with_furnace":26,"minecraft:mob_kills":38,"minecraft:interact_with_crafting_table":22,"minecraft:leave_game":1,"minecraft:time_since_death":63819,"minecraft:sleep_in_bed":6,"minecraft:time_since_rest":8926,"minecraft:sprint_one_cm":333969,"minecraft:damage_taken":1297,"minecraft:walk_one_cm":431286,"minecraft:damage_blocked_by_shield":1533,"minecraft:drop":20,"minecraft:damage_dealt":5238,"minecraft:talked_to_villager":2,"minecraft:swim_one_cm":25404,"minecraft:fly_one_cm":283850,"minecraft:open_chest":20,"minecraft:crouch_one_cm":4955,"minecraft:play_time":118747,"minecraft:deaths":1,"minecraft:sneak_time":1449,"minecraft:walk_under_water_one_cm":8953,"minecraft:jump":1950,"minecraft:walk_on_water_one_cm":10528,"minecraft:total_world_time":118747,"minecraft:fall_one_cm":47908},"minecraft:crafted":{"minecraft:cooked_porkchop":9,"minecraft:crafting_table":2,"minecraft:spruce_planks":116,"minecraft:iron_helmet":1,"minecraft:wooden_pickaxe":1,"minecraft:cooked_chicken":4,"minecraft:iron_sword":1,"minecraft:furnace":1,"minecraft:copper_ingot":27,"minecraft:stone_axe":1,"minecraft:cooked_mutton":17,"minecraft:air":0,"minecraft:iron_boots":1,"minecraft:iron_chestplate":1,"minecraft:shield":1,"minecraft:iron_axe":1,"minecraft:stick":28,"minecraft:iron_ingot":30,"minecraft:iron_pickaxe":2,"minecraft:stone_pickaxe":1,"minecraft:stone_sword":1,"minecraft:iron_leggings":1,"minecraft:white_bed":1,"minecraft:spruce_boat":1,"minecraft:torch":20,"minecraft:shears":1}},"DataVersion":3953}