{"stats":{"minecraft:used":{"minecraft:stone_sword":114,"minecraft:iron_shovel":18,"minecraft:spruce_planks":1,"minecraft:shield":30,"minecraft:iron_sword":62,"minecraft:cooked_chicken":4,"minecraft:torch":15,"minecraft:dirt":34,"minecraft:spruce_stairs":7,"minecraft:granite":2,"minecraft:spruce_boat":1,"minecraft:light_gray_wool":1,"minecraft:sweet_berries":71,"minecraft:furnace":5,"minecraft:pumpkin":1,"minecraft:cooked_mutton":2,"minecraft:diorite":2,"minecraft:stone_pickaxe":134,"minecraft:wooden_pickaxe":59,"minecraft:glow_berries":1,"minecraft:mossy_cobblestone":1,"minecraft:crafting_table":9,"minecraft:white_bed":8,"minecraft:spruce_log":2,"minecraft:black_wool":1,"minecraft:bread":4,"minecraft:iron_pickaxe":147,"minecraft:stone_axe":55,"minecraft:cobblestone":178,"minecraft:cooked_porkchop":5,"minecraft:andesite":1,"minecraft:bucket":1,"minecraft:gray_wool":1},"minecraft:killed_by":{"minecraft:zombie":1},"minecraft:broken":{"minecraft:stone_sword":1,"minecraft:wooden_pickaxe":1,"minecraft:stone_pickaxe":1},"minecraft:dropped":{"minecraft:brown_mushroom":2,"minecraft:stick":11,"minecraft:dirt":10,"minecraft:iron_shovel":1,"minecraft:bucket":2,"minecraft:music_disc_cat":2,"minecraft:spruce_sapling":6,"minecraft:rotten_flesh":52,"minecraft:spruce_planks":1,"minecraft:melon_seeds":2,"minecraft:stone_pickaxe":1,"minecraft:egg":2},"minecraft:picked_up":{"minecraft:crafting_table":8,"minecraft:chicken":4,"minecraft:brown_mushroom":2,"minecraft:shield":1,"minecraft:music_disc_cat":1,"minecraft:raw_copper":64,"minecraft:iron_shovel":2,"minecraft:bucket":2,"minecraft:spruce_planks":4,"minecraft:light_gray_wool":2,"minecraft:sugar_cane":62,"minecraft:furnace":5,"minecraft:egg":4,"minecraft:raw_iron":47,"minecraft:stick":2,"minecraft:torch":26,"minecraft:spruce_stairs":7,"minecraft:porkchop":10,"minecraft:diorite":6,"minecraft:arrow":9,"minecraft:rotten_flesh":40,"minecraft:shears":1,"minecraft:mutton":26,"minecraft:glow_berries":1,"minecraft:white_wool":76,"minecraft:cobblestone":295,"minecraft:feather":4,"minecraft:andesite":3,"minecraft:dirt":73,"minecraft:cooked_mutton":5,"minecraft:bone":6,"minecraft:wheat_seeds":1,"minecraft:stone_pickaxe":1,"minecraft:iron_ingot":8,"minecraft:cooked_chicken":4,"minecraft:diamond_helmet":1,"minecraft:cooked_porkchop":3,"minecraft:pumpkin":13,"minecraft:sweet_berries":224,"minecraft:gravel":5,"minecraft:spruce_sapling":12,"minecraft:white_bed":9,"minecraft:spruce_log":31,"minecraft:spruce_door":1,"minecraft:mossy_cobblestone":1,"minecraft:stone_axe":1,"minecraft:spruce_boat":1,"minecraft:granite":2,"minecraft:gray_wool":2,"minecraft:emerald":4,"minecraft:bread":3,"minecraft:black_wool":2,"minecraft:melon_seeds":2,"minecraft:coal":79},"minecraft:mined":{"minecraft:spruce_planks":1,"minecraft:white_bed":8,"minecraft:mossy_cobblestone":1,"minecraft:granite":2,"minecraft:grass_block":14,"minecraft:spruce_leaves":42,"minecraft:large_fern":8,"minecraft:furnace":4,"minecraft:iron_ore":31,"minecraft:fire":1,"minecraft:andesite":3,"minecraft:pumpkin":5,"minecraft:stone":213,"minecraft:brown_mushroom":1,"minecraft:spruce_door":1,"minecraft:crafting_table":8,"minecraft:torch":3,"minecraft:short_grass":1,"minecraft:copper_ore":10,"minecraft:tall_grass":1,"minecraft:cobblestone":21,"minecraft:sugar_cane":5,"minecraft:diorite":2,"minecraft:wall_torch":4,"minecraft:spruce_stairs":7,"minecraft:ice":1,"minecraft:sweet_berry_bush":5,"minecraft:spruce_log":25,"minecraft:coal_ore":47,"minecraft:gravel":6,"minecraft:dirt":16,"minecraft:fern":2},"minecraft:killed":{"minecraft:skeleton":5,"minecraft:chicken":4,"minecraft:drowned":1,"minecraft:pig":4,"minecraft:sheep":11,"minecraft:zombie":10},"minecraft:custom":{"minecraft:mob_kills":38,"minecraft:interact_with_crafting_table":22,"minecraft:leave_game":1,"minecraft:time_since_death":75819,"minecraft:sprint_one_cm":394067,"minecraft:walk_one_cm":449083,"minecraft:damage_blocked_by_shield":1533,"minecraft:drop":21,"minecraft:talked_to_villager":2,"minecraft:play_time":130747,"minecraft:deaths":1,"minecraft:sneak_time":1456,"minecraft:walk_under_water_one_cm":9136,"minecraft:boat_one_cm":65803,"minecraft:jump":2410,"minecraft:walk_on_water_one_cm":11793,"minecraft:total_world_time":130747,"minecraft:interact_with_furnace":26,"minecraft:sleep_in_bed":7,"minecraft:time_since_rest":7751,"minecraft:damage_taken":1307,"minecraft:damage_dealt":5238,"minecraft:swim_one_cm":32660,"minecraft:fly_one_cm":402386,"minecraft:open_chest":20,"minecraft:crouch_one_cm":4955,"minecraft:fall_one_cm":59310},"minecraft:crafted":{"minecraft:cooked_chicken":4,"minecraft:furnace":1,"minecraft:cooked_mutton":17,"minecraft:iron_boots":1,"minecraft:iron_axe":1,"minecraft:stone_pickaxe":1,"minecraft:spruce_boat":1,"minecraft:cooked_porkchop":9,"minecraft:crafting_table":2,"minecraft:spruce_planks":116,"minecraft:wooden_pickaxe":1,"minecraft:iron_helmet":1,"minecraft:iron_sword":1,"minecraft:copper_ingot":27,"minecraft:stone_axe":1,"minecraft:air":0,"minecraft:iron_chestplate":1,"minecraft:shield":1,"minecraft:stick":28,"minecraft:iron_ingot":30,"minecraft:iron_pickaxe":2,"minecraft:stone_sword":1,"minecraft:iron_leggings":1,"minecraft:white_bed":1,"minecraft:torch":20,"minecraft:shears":1}},"DataVersion":3953}