{"stats":{"minecraft:used":{"minecraft:golden_boots":1,"minecraft:map":1,"minecraft:cartography_table":1,"minecraft:composter":1,"minecraft:salmon":3,"minecraft:golden_sword":31,"minecraft:wheat":1,"minecraft:purple_bed":3,"minecraft:crafting_table":1,"minecraft:sweet_berries":69,"minecraft:oak_boat":3,"minecraft:cooked_beef":1,"minecraft:golden_shovel":1,"minecraft:pumpkin":5,"minecraft:bone_meal":1},"minecraft:killed":{"minecraft:sheep":5,"minecraft:chicken":1,"minecraft:salmon":3,"minecraft:cow":3},"minecraft:broken":{"minecraft:golden_sword":1},"minecraft:picked_up":{"minecraft:wheat":1,"minecraft:cooked_beef":6,"minecraft:chicken":1,"minecraft:pumpkin":5,"minecraft:sweet_berries":69,"minecraft:salmon":3,"minecraft:composter":1,"minecraft:leather":2,"minecraft:oak_log":6,"minecraft:cooked_mutton":7,"minecraft:purple_bed":3,"minecraft:kelp":1,"minecraft:wheat_seeds":3,"minecraft:cartography_table":1,"minecraft:beef":7,"minecraft:cooked_chicken":1,"minecraft:bone_meal":1,"minecraft:oak_boat":3,"minecraft:mutton":7,"minecraft:white_wool":5},"minecraft:dropped":{"minecraft:cooked_beef":3,"minecraft:map":2,"minecraft:cooked_mutton":4,"minecraft:golden_shovel":2,"minecraft:filled_map":1},"minecraft:mined":{"minecraft:large_fern":2,"minecraft:purple_bed":3,"minecraft:wheat":1,"minecraft:sweet_berry_bush":9,"minecraft:birch_leaves":2,"minecraft:pumpkin":5,"minecraft:short_grass":2,"minecraft:oak_log":6,"minecraft:spruce_leaves":2,"minecraft:composter":1,"minecraft:cartography_table":1,"minecraft:oak_leaves":2,"minecraft:fern":2},"minecraft:crafted":{"minecraft:oak_boat":1,"minecraft:oak_planks":24,"minecraft:iron_boots":1,"minecraft:iron_chestplate":1,"minecraft:crafting_table":1,"minecraft:stick":4,"minecraft:iron_pickaxe":1,"minecraft:iron_helmet":1,"minecraft:iron_sword":1,"minecraft:iron_leggings":1},"minecraft:custom":{"minecraft:time_since_rest":27,"minecraft:interact_with_furnace":4,"minecraft:sprint_one_cm":151066,"minecraft:damage_taken":648,"minecraft:walk_one_cm":80599,"minecraft:mob_kills":12,"minecraft:drop":7,"minecraft:damage_dealt":820,"minecraft:interact_with_cartography_table":3,"minecraft:swim_one_cm":99378,"minecraft:interact_with_crafting_table":4,"minecraft:fly_one_cm":216794,"minecraft:open_chest":27,"minecraft:crouch_one_cm":833,"minecraft:play_time":35017,"minecraft:interact_with_campfire":15,"minecraft:sneak_time":296,"minecraft:walk_under_water_one_cm":9362,"minecraft:boat_one_cm":47668,"minecraft:jump":920,"minecraft:leave_game":1,"minecraft:sleep_in_bed":1,"minecraft:walk_on_water_one_cm":11092,"minecraft:time_since_death":35017,"minecraft:climb_one_cm":1126,"minecraft:total_world_time":35017,"minecraft:fall_one_cm":26354}},"DataVersion":3953}